model_id,source_id,request_id,layer,step,block_idx,label,score
model-a,synthetic/q00,0,0,0,0,0,0.26797431
model-a,synthetic/q00,0,0,0,1,0,0.58301619
model-a,synthetic/q00,0,0,0,2,0,0.082993497
model-a,synthetic/q00,0,0,0,3,0,0.30480284
model-a,synthetic/q00,0,0,0,4,0,0.48457874
model-a,synthetic/q00,0,0,0,5,1,0.6056466
model-a,synthetic/q00,0,0,0,6,1,0.41548048
model-a,synthetic/q00,0,0,0,7,0,0.07908289
model-a,synthetic/q00,0,0,0,8,0,0.16812074
model-a,synthetic/q00,0,0,0,9,0,0.36468944
model-a,synthetic/q00,0,0,0,10,0,0.49565858
model-a,synthetic/q00,0,0,0,11,0,0.058803655
model-a,synthetic/q00,0,0,0,12,0,0.1926492
model-a,synthetic/q00,0,0,0,13,0,0.023832922
model-a,synthetic/q00,0,0,0,14,0,0.09657871
model-a,synthetic/q00,0,0,0,15,0,0.17959718
model-a,synthetic/q00,0,0,0,16,0,0.054837152
model-a,synthetic/q00,0,0,0,17,0,0.31598787
model-a,synthetic/q00,0,0,0,18,1,0.47163158
model-a,synthetic/q00,0,0,0,19,0,0.25507983
model-a,synthetic/q00,0,0,0,20,1,0.25334881
model-a,synthetic/q00,0,0,0,21,0,0.063295316
model-a,synthetic/q00,0,0,0,22,0,0.18277805
model-a,synthetic/q00,0,0,0,23,0,0.17764699
model-a,synthetic/q00,0,0,0,24,0,0.49637671
model-a,synthetic/q00,0,0,0,25,0,0.066593872
model-a,synthetic/q00,0,0,0,26,0,0.10353499
model-a,synthetic/q00,0,0,0,27,0,0.10297626
model-a,synthetic/q00,0,0,0,28,0,0.4967434
model-a,synthetic/q00,0,0,0,29,0,0.1894897
model-a,synthetic/q00,0,0,0,30,0,0.23103194
model-a,synthetic/q00,0,0,0,31,0,0.031613932
model-a,synthetic/q00,0,0,0,32,0,0.28546119
model-a,synthetic/q00,0,0,0,33,0,0.32335589
model-a,synthetic/q00,0,0,0,34,0,0.41545535
model-a,synthetic/q00,0,0,0,35,0,0.066102863
model-a,synthetic/q00,0,0,0,36,0,0.45710457
model-a,synthetic/q00,0,0,1,0,0,0.0097514121
model-a,synthetic/q00,0,0,1,1,0,0.13558756
model-a,synthetic/q00,0,0,1,2,0,0.26303318
model-a,synthetic/q00,0,0,1,3,0,0.20366854
model-a,synthetic/q00,0,0,1,4,1,0.60869532
model-a,synthetic/q00,0,0,1,5,0,0.24052757
model-a,synthetic/q00,0,0,1,6,0,0.17109926
model-a,synthetic/q00,0,0,1,7,0,0.076969055
model-a,synthetic/q00,0,0,1,8,0,0.18933139
model-a,synthetic/q00,0,0,1,9,0,0.10003776
model-a,synthetic/q00,0,0,1,10,0,0.45150236
model-a,synthetic/q00,0,0,1,11,0,0.5032642
model-a,synthetic/q00,0,0,1,12,1,0.60459049
model-a,synthetic/q00,0,0,1,13,0,0.17088857
model-a,synthetic/q00,0,0,1,14,1,0.5620737
model-a,synthetic/q00,0,0,1,15,0,0.050747774
model-a,synthetic/q00,0,0,1,16,1,0.49159384
model-a,synthetic/q00,0,0,1,17,0,0.072534213
model-a,synthetic/q00,0,0,1,18,0,0.033128338
model-a,synthetic/q00,0,0,1,19,0,0.2604844
model-a,synthetic/q00,0,0,1,20,0,0.28426838
model-a,synthetic/q00,0,0,1,21,0,0.10313801
model-a,synthetic/q00,0,0,1,22,0,0.051177115
model-a,synthetic/q00,0,0,1,23,0,0.067453154
model-a,synthetic/q00,0,0,1,24,0,0.068205782
model-a,synthetic/q00,0,0,1,25,0,0.51515756
model-a,synthetic/q00,0,0,1,26,0,0.37252055
model-a,synthetic/q00,0,0,1,27,0,0.30347112
model-a,synthetic/q00,0,0,1,28,0,0.18960897
model-a,synthetic/q00,0,0,1,29,0,0.57277316
model-a,synthetic/q00,0,0,1,30,0,0.0092610186
model-a,synthetic/q00,0,0,1,31,0,0.22616023
model-a,synthetic/q00,0,0,1,32,0,0.35267851
model-a,synthetic/q00,0,0,2,0,0,0.21069821
model-a,synthetic/q00,0,0,2,1,0,0.21740373
model-a,synthetic/q00,0,0,2,2,0,0.11765008
model-a,synthetic/q00,0,0,2,3,0,0.20287608
model-a,synthetic/q00,0,0,2,4,0,0.027601407
model-a,synthetic/q00,0,0,2,5,0,0.12363929
model-a,synthetic/q00,0,0,2,6,0,0.13148884
model-a,synthetic/q00,0,0,2,7,1,0.30979031
model-a,synthetic/q00,0,0,2,8,0,0.33680107
model-a,synthetic/q00,0,0,2,9,0,0.24317318
model-a,synthetic/q00,0,0,2,10,0,0.061279504
model-a,synthetic/q00,0,0,2,11,0,0.027490631
model-a,synthetic/q00,0,0,2,12,0,0.071908515
model-a,synthetic/q00,0,0,2,13,0,0.10755999
model-a,synthetic/q00,0,0,2,14,0,0.22447113
model-a,synthetic/q00,0,0,2,15,0,0.13793212
model-a,synthetic/q00,0,0,2,16,0,0.20243919
model-a,synthetic/q00,0,0,2,17,0,0.0072149977
model-a,synthetic/q00,0,0,2,18,0,0.18916053
model-a,synthetic/q00,0,0,2,19,0,0.10195816
model-a,synthetic/q00,0,0,2,20,0,0.17351201
model-a,synthetic/q00,0,0,2,21,0,0.093894597
model-a,synthetic/q00,0,0,2,22,1,0.45654532
model-a,synthetic/q00,0,0,2,23,0,0.055518464
model-a,synthetic/q00,0,0,2,24,0,0.30366596
model-a,synthetic/q00,0,0,2,25,0,0.087690848
model-a,synthetic/q00,0,0,2,26,1,0.44182409
model-a,synthetic/q00,0,0,2,27,0,0.38892336
model-a,synthetic/q00,0,0,2,28,1,0.18737131
model-a,synthetic/q00,0,0,2,29,0,0.13826475
model-a,synthetic/q00,0,0,2,30,0,0.62691754
model-a,synthetic/q00,0,0,2,31,0,0.26493614
model-a,synthetic/q00,0,0,2,32,0,0.723418
model-a,synthetic/q00,0,0,2,33,0,0.092629167
model-a,synthetic/q00,0,0,2,34,0,0.075183718
model-a,synthetic/q00,0,0,2,35,0,0.3480662
model-a,synthetic/q00,0,0,2,36,0,0.04823169
model-a,synthetic/q00,0,0,3,0,0,0.47535062
model-a,synthetic/q00,0,0,3,1,0,0.1299022
model-a,synthetic/q00,0,0,3,2,0,0.064572284
model-a,synthetic/q00,0,0,3,3,1,0.97360872
model-a,synthetic/q00,0,0,3,4,0,0.13741566
model-a,synthetic/q00,0,0,3,5,0,0.011056274
model-a,synthetic/q00,0,0,3,6,0,0.12056691
model-a,synthetic/q00,0,0,3,7,0,0.29879799
model-a,synthetic/q00,0,0,3,8,0,0.24104684
model-a,synthetic/q00,0,0,3,9,1,0.29382869
model-a,synthetic/q00,0,0,3,10,0,0.53647803
model-a,synthetic/q00,0,0,3,11,0,0.27485263
model-a,synthetic/q00,0,0,3,12,0,0.075413119
model-a,synthetic/q00,0,0,3,13,0,0.085160899
model-a,synthetic/q00,0,0,3,14,0,0.05393314
model-a,synthetic/q00,0,0,3,15,0,0.2503969
model-a,synthetic/q00,0,0,3,16,0,0.29756601
model-a,synthetic/q00,0,0,3,17,1,0.43247537
model-a,synthetic/q00,0,0,3,18,0,0.026369894
model-a,synthetic/q00,0,0,3,19,0,0.04933256
model-a,synthetic/q00,0,0,3,20,0,0.036501672
model-a,synthetic/q00,0,0,3,21,0,0.13591718
model-a,synthetic/q00,0,0,3,22,0,0.0060916494
model-a,synthetic/q00,0,0,3,23,0,0.05781801
model-a,synthetic/q00,0,0,3,24,0,0.20812312
model-a,synthetic/q00,0,0,3,25,0,0.075327503
model-a,synthetic/q00,0,0,3,26,0,0.82624288
model-a,synthetic/q00,0,0,3,27,0,0.23939951
model-a,synthetic/q00,0,1,0,0,0,0.096747109
model-a,synthetic/q00,0,1,0,1,0,0.037589012
model-a,synthetic/q00,0,1,0,2,0,0.25506611
model-a,synthetic/q00,0,1,0,3,0,0.15465106
model-a,synthetic/q00,0,1,0,4,0,0.11885407
model-a,synthetic/q00,0,1,0,5,0,0.021981171
model-a,synthetic/q00,0,1,0,6,1,0.64306545
model-a,synthetic/q00,0,1,0,7,0,0.47858626
model-a,synthetic/q00,0,1,0,8,0,0.20344355
model-a,synthetic/q00,0,1,0,9,0,0.21857513
model-a,synthetic/q00,0,1,0,10,0,0.0063853028
model-a,synthetic/q00,0,1,0,11,0,0.014378454
model-a,synthetic/q00,0,1,0,12,0,0.19707223
model-a,synthetic/q00,0,1,0,13,0,0.063674392
model-a,synthetic/q00,0,1,0,14,0,0.047104052
model-a,synthetic/q00,0,1,0,15,0,0.10948909
model-a,synthetic/q00,0,1,0,16,1,0.39221659
model-a,synthetic/q00,0,1,0,17,0,0.053072615
model-a,synthetic/q00,0,1,0,18,0,0.03540208
model-a,synthetic/q00,0,1,0,19,0,0.53087445
model-a,synthetic/q00,0,1,1,0,0,0.081897975
model-a,synthetic/q00,0,1,1,1,1,0.66828289
model-a,synthetic/q00,0,1,1,2,0,0.24961129
model-a,synthetic/q00,0,1,1,3,0,0.075673844
model-a,synthetic/q00,0,1,1,4,0,0.050687726
model-a,synthetic/q00,0,1,1,5,0,0.070895455
model-a,synthetic/q00,0,1,1,6,0,0.30135851
model-a,synthetic/q00,0,1,1,7,0,0.54992228
model-a,synthetic/q00,0,1,1,8,0,0.1737764
model-a,synthetic/q00,0,1,1,9,0,0.021342265
model-a,synthetic/q00,0,1,1,10,0,0.60423423
model-a,synthetic/q00,0,1,1,11,1,0.29762727
model-a,synthetic/q00,0,1,1,12,0,0.08969178
model-a,synthetic/q00,0,1,1,13,0,0.52453294
model-a,synthetic/q00,0,1,1,14,0,0.1283271
model-a,synthetic/q00,0,1,1,15,0,0.15105468
model-a,synthetic/q00,0,1,1,16,0,0.16572212
model-a,synthetic/q00,0,1,1,17,0,0.37050597
model-a,synthetic/q00,0,1,1,18,0,0.098402361
model-a,synthetic/q00,0,1,1,19,0,0.1239037
model-a,synthetic/q00,0,1,1,20,0,0.46726009
model-a,synthetic/q00,0,1,1,21,0,0.40518597
model-a,synthetic/q00,0,1,1,22,0,0.10492413
model-a,synthetic/q00,0,1,1,23,0,0.13769515
model-a,synthetic/q00,0,1,1,24,0,0.033968174
model-a,synthetic/q00,0,1,1,25,1,0.4471623
model-a,synthetic/q00,0,1,1,26,0,0.023615398
model-a,synthetic/q00,0,1,1,27,0,0.041046462
model-a,synthetic/q00,0,1,2,0,0,0.53491629
model-a,synthetic/q00,0,1,2,1,0,0.058914382
model-a,synthetic/q00,0,1,2,2,0,0.38325611
model-a,synthetic/q00,0,1,2,3,1,0.55541436
model-a,synthetic/q00,0,1,2,4,0,0.053007967
model-a,synthetic/q00,0,1,2,5,0,0.1629467
model-a,synthetic/q00,0,1,2,6,1,0.15339781
model-a,synthetic/q00,0,1,2,7,0,0.71381451
model-a,synthetic/q00,0,1,2,8,0,0.087309568
model-a,synthetic/q00,0,1,2,9,1,0.59827122
model-a,synthetic/q00,0,1,2,10,0,0.029738882
model-a,synthetic/q00,0,1,2,11,0,0.1132032
model-a,synthetic/q00,0,1,2,12,0,0.064505391
model-a,synthetic/q00,0,1,2,13,0,0.22257595
model-a,synthetic/q00,0,1,2,14,0,0.095055579
model-a,synthetic/q00,0,1,2,15,0,0.24849953
model-a,synthetic/q00,0,1,2,16,0,0.06109765
model-a,synthetic/q00,0,1,2,17,0,0.011050407
model-a,synthetic/q00,0,1,2,18,0,0.042580948
model-a,synthetic/q00,0,1,2,19,0,0.27178917
model-a,synthetic/q00,0,1,2,20,0,0.25779066
model-a,synthetic/q00,0,1,2,21,0,0.20349544
model-a,synthetic/q00,0,1,2,22,0,0.29007822
model-a,synthetic/q00,0,1,2,23,0,0.099817858
model-a,synthetic/q00,0,1,2,24,0,0.10335734
model-a,synthetic/q00,0,1,2,25,0,0.42467477
model-a,synthetic/q00,0,1,3,0,0,0.39385407
model-a,synthetic/q00,0,1,3,1,0,0.17395064
model-a,synthetic/q00,0,1,3,2,1,0.72094868
model-a,synthetic/q00,0,1,3,3,0,0.23622648
model-a,synthetic/q00,0,1,3,4,0,0.061895909
model-a,synthetic/q00,0,1,3,5,0,0.12611961
model-a,synthetic/q00,0,1,3,6,0,0.25259519
model-a,synthetic/q00,0,1,3,7,0,0.04105822
model-a,synthetic/q00,0,1,3,8,1,0.80046227
model-a,synthetic/q00,0,1,3,9,0,0.078410402
model-a,synthetic/q00,0,1,3,10,0,0.52098212
model-a,synthetic/q00,0,1,3,11,0,0.11989459
model-a,synthetic/q00,0,1,3,12,0,0.0389933
model-a,synthetic/q00,0,1,3,13,0,0.22119087
model-a,synthetic/q00,0,1,3,14,0,0.11080967
model-a,synthetic/q00,0,1,3,15,0,0.67085039
model-a,synthetic/q00,0,1,3,16,0,0.21449285
model-a,synthetic/q00,0,1,3,17,0,0.063913854
model-a,synthetic/q00,0,1,3,18,0,0.29828707
model-a,synthetic/q00,0,1,3,19,0,0.33663874
model-a,synthetic/q00,0,1,3,20,0,0.26772746
model-a,synthetic/q00,0,1,3,21,1,0.18162864
model-a,synthetic/q00,0,1,3,22,0,0.24868929
model-a,synthetic/q00,0,1,3,23,0,0.40888407
model-a,synthetic/q00,0,1,3,24,0,0.30433869
model-a,synthetic/q00,0,1,3,25,0,0.22013467
model-a,synthetic/q00,0,1,3,26,0,0.5457946
model-a,synthetic/q00,0,2,0,0,0,0.089524002
model-a,synthetic/q00,0,2,0,1,0,0.0035695429
model-a,synthetic/q00,0,2,0,2,0,0.2844816
model-a,synthetic/q00,0,2,0,3,0,0.19971597
model-a,synthetic/q00,0,2,0,4,1,0.53916903
model-a,synthetic/q00,0,2,0,5,0,0.27919387
model-a,synthetic/q00,0,2,0,6,0,0.10155165
model-a,synthetic/q00,0,2,0,7,0,0.33979727
model-a,synthetic/q00,0,2,0,8,0,0.23635257
model-a,synthetic/q00,0,2,0,9,0,0.027018072
model-a,synthetic/q00,0,2,0,10,0,0.12370353
model-a,synthetic/q00,0,2,0,11,1,0.53235256
model-a,synthetic/q00,0,2,0,12,0,0.10846808
model-a,synthetic/q00,0,2,0,13,0,0.052979825
model-a,synthetic/q00,0,2,0,14,0,0.1753674
model-a,synthetic/q00,0,2,0,15,0,0.33379149
model-a,synthetic/q00,0,2,0,16,0,0.070090557
model-a,synthetic/q00,0,2,0,17,0,0.7511189
model-a,synthetic/q00,0,2,0,18,0,0.040841027
model-a,synthetic/q00,0,2,0,19,0,0.14238693
model-a,synthetic/q00,0,2,0,20,0,0.58041417
model-a,synthetic/q00,0,2,0,21,0,0.088071905
model-a,synthetic/q00,0,2,0,22,0,0.30083668
model-a,synthetic/q00,0,2,0,23,1,0.38413842
model-a,synthetic/q00,0,2,0,24,0,0.59985471
model-a,synthetic/q00,0,2,0,25,0,0.073053577
model-a,synthetic/q00,0,2,0,26,0,0.083867403
model-a,synthetic/q00,0,2,0,27,1,0.17807331
model-a,synthetic/q00,0,2,0,28,0,0.2883721
model-a,synthetic/q00,0,2,0,29,0,0.081297207
model-a,synthetic/q00,0,2,0,30,0,0.080797816
model-a,synthetic/q00,0,2,0,31,0,0.2684949
model-a,synthetic/q00,0,2,1,0,0,0.41120168
model-a,synthetic/q00,0,2,1,1,1,0.26495603
model-a,synthetic/q00,0,2,1,2,0,0.1369101
model-a,synthetic/q00,0,2,1,3,0,0.57956911
model-a,synthetic/q00,0,2,1,4,0,0.053012915
model-a,synthetic/q00,0,2,1,5,0,0.1406743
model-a,synthetic/q00,0,2,1,6,0,0.21186323
model-a,synthetic/q00,0,2,1,7,0,0.23337489
model-a,synthetic/q00,0,2,1,8,0,0.42106909
model-a,synthetic/q00,0,2,1,9,0,0.15508651
model-a,synthetic/q00,0,2,1,10,0,0.10672132
model-a,synthetic/q00,0,2,1,11,0,0.2964036
model-a,synthetic/q00,0,2,1,12,0,0.23709163
model-a,synthetic/q00,0,2,1,13,0,0.032558838
model-a,synthetic/q00,0,2,1,14,0,0.11720456
model-a,synthetic/q00,0,2,1,15,0,0.18542032
model-a,synthetic/q00,0,2,1,16,0,0.01436527
model-a,synthetic/q00,0,2,1,17,0,0.49385052
model-a,synthetic/q00,0,2,1,18,0,0.043890382
model-a,synthetic/q00,0,2,1,19,0,0.057520295
model-a,synthetic/q00,0,2,1,20,0,0.13607592
model-a,synthetic/q00,0,2,1,21,0,0.085997015
model-a,synthetic/q00,0,2,1,22,1,0.62937073
model-a,synthetic/q00,0,2,1,23,0,0.1569943
model-a,synthetic/q00,0,2,1,24,0,0.1351172
model-a,synthetic/q00,0,2,1,25,1,0.20725836
model-a,synthetic/q00,0,2,1,26,0,0.098064201
model-a,synthetic/q00,0,2,1,27,1,0.40357078
model-a,synthetic/q00,0,2,1,28,0,0.05205607
model-a,synthetic/q00,0,2,1,29,0,0.13933139
model-a,synthetic/q00,0,2,1,30,0,0.14893776
model-a,synthetic/q00,0,2,2,0,0,0.070383616
model-a,synthetic/q00,0,2,2,1,0,0.32907508
model-a,synthetic/q00,0,2,2,2,0,0.0631481
model-a,synthetic/q00,0,2,2,3,0,0.2742906
model-a,synthetic/q00,0,2,2,4,0,0.086542994
model-a,synthetic/q00,0,2,2,5,0,0.04450757
model-a,synthetic/q00,0,2,2,6,0,0.22920373
model-a,synthetic/q00,0,2,2,7,0,0.37147311
model-a,synthetic/q00,0,2,2,8,0,0.19737482
model-a,synthetic/q00,0,2,2,9,0,0.14829727
model-a,synthetic/q00,0,2,2,10,0,0.26250469
model-a,synthetic/q00,0,2,2,11,0,0.29155839
model-a,synthetic/q00,0,2,2,12,0,0.021866411
model-a,synthetic/q00,0,2,2,13,0,0.15304601
model-a,synthetic/q00,0,2,2,14,0,0.25432395
model-a,synthetic/q00,0,2,2,15,1,0.40616136
model-a,synthetic/q00,0,2,2,16,1,0.63770961
model-a,synthetic/q00,0,2,2,17,0,0.13148426
model-a,synthetic/q00,0,2,2,18,0,0.25633228
model-a,synthetic/q00,0,2,2,19,1,0.25384404
model-a,synthetic/q00,0,2,2,20,0,0.017487984
model-a,synthetic/q00,0,2,3,0,0,0.10031564
model-a,synthetic/q00,0,2,3,1,0,0.1518417
model-a,synthetic/q00,0,2,3,2,0,0.18448541
model-a,synthetic/q00,0,2,3,3,1,0.65253696
model-a,synthetic/q00,0,2,3,4,0,0.075471308
model-a,synthetic/q00,0,2,3,5,0,0.28077333
model-a,synthetic/q00,0,2,3,6,1,0.53497581
model-a,synthetic/q00,0,2,3,7,0,0.36153741
model-a,synthetic/q00,0,2,3,8,0,0.4788902
model-a,synthetic/q00,0,2,3,9,0,0.076357515
model-a,synthetic/q00,0,2,3,10,0,0.095825506
model-a,synthetic/q00,0,2,3,11,0,0.045390015
model-a,synthetic/q00,0,2,3,12,0,0.29492493
model-a,synthetic/q00,0,2,3,13,0,0.53414464
model-a,synthetic/q00,0,2,3,14,0,0.085028201
model-a,synthetic/q00,0,2,3,15,0,0.27403967
model-a,synthetic/q00,0,2,3,16,1,0.84825364
model-a,synthetic/q00,0,2,3,17,0,0.034861773
model-a,synthetic/q00,0,2,3,18,0,0.035860061
model-a,synthetic/q00,0,2,3,19,0,0.65307439
model-a,synthetic/q00,0,2,3,20,0,0.22040027
model-a,synthetic/q00,0,2,3,21,0,0.086908368
model-a,synthetic/q00,0,2,3,22,0,0.059489871
model-a,synthetic/q00,0,2,3,23,0,0.25851146
model-a,synthetic/q00,0,2,3,24,0,0.22001845
model-a,synthetic/q00,0,2,3,25,0,0.22480028
model-a,synthetic/q00,0,2,3,26,0,0.15742979
model-a,synthetic/q00,0,2,3,27,0,0.056646355
model-a,synthetic/q00,0,2,3,28,0,0.088000477
model-a,synthetic/q00,0,2,3,29,1,0.42185592
model-a,synthetic/q00,0,2,3,30,0,0.18178405
model-a,synthetic/q00,0,2,3,31,0,0.40323918
model-a,synthetic/q00,0,2,3,32,0,0.091010317
model-a,synthetic/q00,0,2,3,33,0,0.19418728
model-a,synthetic/q00,0,2,3,34,0,0.013640845
model-a,synthetic/q01,1,0,0,0,0,0.13832856
model-a,synthetic/q01,1,0,0,1,0,0.41386639
model-a,synthetic/q01,1,0,0,2,0,0.28925223
model-a,synthetic/q01,1,0,0,3,0,0.3351966
model-a,synthetic/q01,1,0,0,4,0,0.32386193
model-a,synthetic/q01,1,0,0,5,0,0.51856729
model-a,synthetic/q01,1,0,0,6,0,0.03844932
model-a,synthetic/q01,1,0,0,7,1,0.74634437
model-a,synthetic/q01,1,0,0,8,0,0.30290133
model-a,synthetic/q01,1,0,0,9,0,0.075585288
model-a,synthetic/q01,1,0,0,10,0,0.77845016
model-a,synthetic/q01,1,0,0,11,1,0.62590426
model-a,synthetic/q01,1,0,0,12,0,0.14149016
model-a,synthetic/q01,1,0,0,13,0,0.10043846
model-a,synthetic/q01,1,0,0,14,0,0.21789834
model-a,synthetic/q01,1,0,0,15,0,0.14851164
model-a,synthetic/q01,1,0,0,16,0,0.14005092
model-a,synthetic/q01,1,0,0,17,0,0.25955993
model-a,synthetic/q01,1,0,0,18,0,0.11696466
model-a,synthetic/q01,1,0,0,19,0,0.049318571
model-a,synthetic/q01,1,0,0,20,0,0.097435318
model-a,synthetic/q01,1,0,0,21,0,0.035894855
model-a,synthetic/q01,1,0,0,22,0,0.10583181
model-a,synthetic/q01,1,0,0,23,0,0.067283705
model-a,synthetic/q01,1,0,0,24,1,0.50071315
model-a,synthetic/q01,1,0,0,25,0,0.053181163
model-a,synthetic/q01,1,0,0,26,0,0.06842959
model-a,synthetic/q01,1,0,0,27,0,0.084942039
model-a,synthetic/q01,1,0,0,28,0,0.041348268
model-a,synthetic/q01,1,0,0,29,0,0.15338183
model-a,synthetic/q01,1,0,1,0,0,0.19074934
model-a,synthetic/q01,1,0,1,1,0,0.068140379
model-a,synthetic/q01,1,0,1,2,1,0.7248082
model-a,synthetic/q01,1,0,1,3,0,0.036463067
model-a,synthetic/q01,1,0,1,4,0,0.052564078
model-a,synthetic/q01,1,0,1,5,0,0.11335748
model-a,synthetic/q01,1,0,1,6,1,0.5118143
model-a,synthetic/q01,1,0,1,7,0,0.42432001
model-a,synthetic/q01,1,0,1,8,0,0.084871364
model-a,synthetic/q01,1,0,1,9,0,0.24127893
model-a,synthetic/q01,1,0,1,10,0,0.08139056
model-a,synthetic/q01,1,0,1,11,0,0.11893442
model-a,synthetic/q01,1,0,1,12,0,0.05704517
model-a,synthetic/q01,1,0,1,13,0,0.52499271
model-a,synthetic/q01,1,0,1,14,1,0.41611864
model-a,synthetic/q01,1,0,1,15,0,0.16780042
model-a,synthetic/q01,1,0,1,16,0,0.093329023
model-a,synthetic/q01,1,0,1,17,0,0.24850438
model-a,synthetic/q01,1,0,1,18,0,0.035715397
model-a,synthetic/q01,1,0,1,19,0,0.08105338
model-a,synthetic/q01,1,0,1,20,0,0.043432144
model-a,synthetic/q01,1,0,1,21,0,0.052776888
model-a,synthetic/q01,1,0,1,22,0,0.19592906
model-a,synthetic/q01,1,0,1,23,0,0.09372989
model-a,synthetic/q01,1,0,1,24,0,0.21193683
model-a,synthetic/q01,1,0,1,25,0,0.20109224
model-a,synthetic/q01,1,0,1,26,0,0.40446854
model-a,synthetic/q01,1,0,1,27,0,0.074875377
model-a,synthetic/q01,1,0,2,0,0,0.1661053
model-a,synthetic/q01,1,0,2,1,0,0.19666294
model-a,synthetic/q01,1,0,2,2,0,0.13697258
model-a,synthetic/q01,1,0,2,3,0,0.14176489
model-a,synthetic/q01,1,0,2,4,0,0.064671611
model-a,synthetic/q01,1,0,2,5,0,0.060858389
model-a,synthetic/q01,1,0,2,6,0,0.057827873
model-a,synthetic/q01,1,0,2,7,0,0.21012041
model-a,synthetic/q01,1,0,2,8,0,0.14750274
model-a,synthetic/q01,1,0,2,9,0,0.1592818
model-a,synthetic/q01,1,0,2,10,0,0.13545257
model-a,synthetic/q01,1,0,2,11,0,0.24567809
model-a,synthetic/q01,1,0,2,12,0,0.23893118
model-a,synthetic/q01,1,0,2,13,0,0.44894727
model-a,synthetic/q01,1,0,2,14,1,0.63161099
model-a,synthetic/q01,1,0,2,15,0,0.20111251
model-a,synthetic/q01,1,0,2,16,1,0.5594355
model-a,synthetic/q01,1,0,2,17,0,0.21648784
model-a,synthetic/q01,1,0,2,18,0,0.28786359
model-a,synthetic/q01,1,0,2,19,0,0.21554562
model-a,synthetic/q01,1,0,2,20,0,0.33405689
model-a,synthetic/q01,1,0,2,21,0,0.33152321
model-a,synthetic/q01,1,0,2,22,0,0.099050572
model-a,synthetic/q01,1,0,2,23,0,0.17083584
model-a,synthetic/q01,1,0,2,24,0,0.12573645
model-a,synthetic/q01,1,0,2,25,1,0.37252706
model-a,synthetic/q01,1,0,2,26,0,0.020863229
model-a,synthetic/q01,1,0,2,27,0,0.020834759
model-a,synthetic/q01,1,0,2,28,0,0.28584524
model-a,synthetic/q01,1,0,2,29,0,0.13525619
model-a,synthetic/q01,1,0,2,30,0,0.33292389
model-a,synthetic/q01,1,0,2,31,0,0.19614857
model-a,synthetic/q01,1,0,2,32,1,0.29366521
model-a,synthetic/q01,1,0,2,33,0,0.63336345
model-a,synthetic/q01,1,0,3,0,0,0.13921337
model-a,synthetic/q01,1,0,3,1,0,0.046431368
model-a,synthetic/q01,1,0,3,2,1,0.38199506
model-a,synthetic/q01,1,0,3,3,0,0.071064853
model-a,synthetic/q01,1,0,3,4,0,0.069468586
model-a,synthetic/q01,1,0,3,5,0,0.27308425
model-a,synthetic/q01,1,0,3,6,0,0.06725834
model-a,synthetic/q01,1,0,3,7,1,0.24560881
model-a,synthetic/q01,1,0,3,8,0,0.29508004
model-a,synthetic/q01,1,0,3,9,0,0.015014833
model-a,synthetic/q01,1,0,3,10,0,0.19200719
model-a,synthetic/q01,1,0,3,11,0,0.68386258
model-a,synthetic/q01,1,0,3,12,0,0.15343109
model-a,synthetic/q01,1,0,3,13,0,0.072386253
model-a,synthetic/q01,1,0,3,14,0,0.2855362
model-a,synthetic/q01,1,0,3,15,0,0.081094433
model-a,synthetic/q01,1,0,3,16,0,0.061646393
model-a,synthetic/q01,1,0,3,17,0,0.28505113
model-a,synthetic/q01,1,0,3,18,0,0.16236143
model-a,synthetic/q01,1,0,3,19,0,0.02817922
model-a,synthetic/q01,1,1,0,0,1,0.21901281
model-a,synthetic/q01,1,1,0,1,1,0.41642939
model-a,synthetic/q01,1,1,0,2,0,0.079307012
model-a,synthetic/q01,1,1,0,3,0,0.044590198
model-a,synthetic/q01,1,1,0,4,0,0.048258256
model-a,synthetic/q01,1,1,0,5,0,0.0064096546
model-a,synthetic/q01,1,1,0,6,0,0.11101361
model-a,synthetic/q01,1,1,0,7,0,0.10186948
model-a,synthetic/q01,1,1,0,8,0,0.11713965
model-a,synthetic/q01,1,1,0,9,0,0.046666117
model-a,synthetic/q01,1,1,0,10,0,0.26341562
model-a,synthetic/q01,1,1,0,11,0,0.37436185
model-a,synthetic/q01,1,1,0,12,0,0.4608071
model-a,synthetic/q01,1,1,0,13,0,0.028142244
model-a,synthetic/q01,1,1,0,14,0,0.019687237
model-a,synthetic/q01,1,1,0,15,0,0.14081738
model-a,synthetic/q01,1,1,0,16,0,0.29414898
model-a,synthetic/q01,1,1,0,17,0,0.0068583716
model-a,synthetic/q01,1,1,0,18,0,0.16479166
model-a,synthetic/q01,1,1,0,19,1,0.20522754
model-a,synthetic/q01,1,1,0,20,0,0.17660034
model-a,synthetic/q01,1,1,0,21,0,0.036007665
model-a,synthetic/q01,1,1,0,22,0,0.29829467
model-a,synthetic/q01,1,1,0,23,0,0.071899598
model-a,synthetic/q01,1,1,0,24,0,0.10704729
model-a,synthetic/q01,1,1,1,0,0,0.093271543
model-a,synthetic/q01,1,1,1,1,0,0.04739373
model-a,synthetic/q01,1,1,1,2,1,0.78706564
model-a,synthetic/q01,1,1,1,3,0,0.037956463
model-a,synthetic/q01,1,1,1,4,1,0.54479509
model-a,synthetic/q01,1,1,1,5,0,0.082340402
model-a,synthetic/q01,1,1,1,6,0,0.080518191
model-a,synthetic/q01,1,1,1,7,0,0.45046467
model-a,synthetic/q01,1,1,1,8,0,0.32734179
model-a,synthetic/q01,1,1,1,9,0,0.11530874
model-a,synthetic/q01,1,1,1,10,0,0.28291158
model-a,synthetic/q01,1,1,1,11,0,0.06137221
model-a,synthetic/q01,1,1,1,12,0,0.053000154
model-a,synthetic/q01,1,1,1,13,0,0.22904432
model-a,synthetic/q01,1,1,1,14,0,0.39396774
model-a,synthetic/q01,1,1,1,15,0,0.061114778
model-a,synthetic/q01,1,1,1,16,0,0.11780693
model-a,synthetic/q01,1,1,1,17,0,0.27674439
model-a,synthetic/q01,1,1,1,18,0,0.12644876
model-a,synthetic/q01,1,1,1,19,0,0.047132099
model-a,synthetic/q01,1,1,1,20,0,0.21193977
model-a,synthetic/q01,1,1,1,21,0,0.072629792
model-a,synthetic/q01,1,1,1,22,0,0.34553247
model-a,synthetic/q01,1,1,1,23,0,0.46443816
model-a,synthetic/q01,1,1,1,24,0,0.27427414
model-a,synthetic/q01,1,1,1,25,0,0.80004182
model-a,synthetic/q01,1,1,1,26,1,0.43597198
model-a,synthetic/q01,1,1,1,27,0,0.031041898
model-a,synthetic/q01,1,1,1,28,0,0.30859646
model-a,synthetic/q01,1,1,1,29,0,0.15889536
model-a,synthetic/q01,1,1,1,30,0,0.059165496
model-a,synthetic/q01,1,1,1,31,0,0.14901187
model-a,synthetic/q01,1,1,1,32,1,0.61636954
model-a,synthetic/q01,1,1,2,0,0,0.079527564
model-a,synthetic/q01,1,1,2,1,0,0.21039184
model-a,synthetic/q01,1,1,2,2,0,0.067263005
model-a,synthetic/q01,1,1,2,3,0,0.060679016
model-a,synthetic/q01,1,1,2,4,1,0.39818981
model-a,synthetic/q01,1,1,2,5,0,0.0683449
model-a,synthetic/q01,1,1,2,6,0,0.1520243
model-a,synthetic/q01,1,1,2,7,0,0.28066343
model-a,synthetic/q01,1,1,2,8,0,0.15632553
model-a,synthetic/q01,1,1,2,9,0,0.26265018
model-a,synthetic/q01,1,1,2,10,0,0.44907487
model-a,synthetic/q01,1,1,2,11,0,0.45681795
model-a,synthetic/q01,1,1,2,12,0,0.24641683
model-a,synthetic/q01,1,1,2,13,0,0.25972597
model-a,synthetic/q01,1,1,2,14,0,0.16807084
model-a,synthetic/q01,1,1,2,15,0,0.67410386
model-a,synthetic/q01,1,1,2,16,0,0.028811372
model-a,synthetic/q01,1,1,2,17,0,0.050798307
model-a,synthetic/q01,1,1,2,18,1,0.58974596
model-a,synthetic/q01,1,1,2,19,0,0.061358419
model-a,synthetic/q01,1,1,3,0,0,0.21057189
model-a,synthetic/q01,1,1,3,1,0,0.41342935
model-a,synthetic/q01,1,1,3,2,0,0.49887117
model-a,synthetic/q01,1,1,3,3,0,0.096415918
model-a,synthetic/q01,1,1,3,4,0,0.41589191
model-a,synthetic/q01,1,1,3,5,1,0.43070238
model-a,synthetic/q01,1,1,3,6,0,0.37050085
model-a,synthetic/q01,1,1,3,7,0,0.18049933
model-a,synthetic/q01,1,1,3,8,0,0.50012858
model-a,synthetic/q01,1,1,3,9,1,0.37659851
model-a,synthetic/q01,1,1,3,10,1,0.45773271
model-a,synthetic/q01,1,1,3,11,0,0.2040439
model-a,synthetic/q01,1,1,3,12,0,0.17936691
model-a,synthetic/q01,1,1,3,13,0,0.040045354
model-a,synthetic/q01,1,1,3,14,0,0.20902695
model-a,synthetic/q01,1,1,3,15,0,0.019271327
model-a,synthetic/q01,1,1,3,16,0,0.13910306
model-a,synthetic/q01,1,1,3,17,0,0.47997527
model-a,synthetic/q01,1,1,3,18,0,0.12403131
model-a,synthetic/q01,1,1,3,19,0,0.10606374
model-a,synthetic/q01,1,1,3,20,0,0.066339305
model-a,synthetic/q01,1,1,3,21,0,0.61284703
model-a,synthetic/q01,1,1,3,22,0,0.29821525
model-a,synthetic/q01,1,1,3,23,0,0.36527194
model-a,synthetic/q01,1,1,3,24,0,0.47284183
model-a,synthetic/q01,1,1,3,25,0,0.10266707
model-a,synthetic/q01,1,1,3,26,0,0.078086337
model-a,synthetic/q01,1,2,0,0,0,0.054237114
model-a,synthetic/q01,1,2,0,1,0,0.063765648
model-a,synthetic/q01,1,2,0,2,0,0.028036199
model-a,synthetic/q01,1,2,0,3,0,0.44063129
model-a,synthetic/q01,1,2,0,4,0,0.28275069
model-a,synthetic/q01,1,2,0,5,0,0.046121866
model-a,synthetic/q01,1,2,0,6,0,0.13724822
model-a,synthetic/q01,1,2,0,7,0,0.070710304
model-a,synthetic/q01,1,2,0,8,0,0.27327824
model-a,synthetic/q01,1,2,0,9,0,0.62795152
model-a,synthetic/q01,1,2,0,10,0,0.073700051
model-a,synthetic/q01,1,2,0,11,0,0.1416949
model-a,synthetic/q01,1,2,0,12,0,0.11478495
model-a,synthetic/q01,1,2,0,13,0,0.21703903
model-a,synthetic/q01,1,2,0,14,1,0.80211895
model-a,synthetic/q01,1,2,0,15,0,0.26747786
model-a,synthetic/q01,1,2,0,16,0,0.052554813
model-a,synthetic/q01,1,2,0,17,1,0.45284251
model-a,synthetic/q01,1,2,0,18,0,0.047690925
model-a,synthetic/q01,1,2,0,19,0,0.14801783
model-a,synthetic/q01,1,2,0,20,0,0.047766629
model-a,synthetic/q01,1,2,0,21,0,0.089911789
model-a,synthetic/q01,1,2,0,22,0,0.36165358
model-a,synthetic/q01,1,2,0,23,0,0.54307352
model-a,synthetic/q01,1,2,0,24,0,0.38631052
model-a,synthetic/q01,1,2,0,25,0,0.15856216
model-a,synthetic/q01,1,2,0,26,0,0.081688896
model-a,synthetic/q01,1,2,0,27,0,0.03049397
model-a,synthetic/q01,1,2,0,28,0,0.23398007
model-a,synthetic/q01,1,2,0,29,0,0.10162717
model-a,synthetic/q01,1,2,0,30,0,0.15415442
model-a,synthetic/q01,1,2,0,31,0,0.20907689
model-a,synthetic/q01,1,2,0,32,0,0.14185962
model-a,synthetic/q01,1,2,0,33,1,0.38840712
model-a,synthetic/q01,1,2,0,34,0,0.25355742
model-a,synthetic/q01,1,2,0,35,1,0.58339226
model-a,synthetic/q01,1,2,0,36,0,0.14024607
model-a,synthetic/q01,1,2,0,37,0,0.044101157
model-a,synthetic/q01,1,2,1,0,0,0.24609595
model-a,synthetic/q01,1,2,1,1,0,0.51264993
model-a,synthetic/q01,1,2,1,2,0,0.0059991982
model-a,synthetic/q01,1,2,1,3,0,0.098560247
model-a,synthetic/q01,1,2,1,4,1,0.68146051
model-a,synthetic/q01,1,2,1,5,0,0.16089311
model-a,synthetic/q01,1,2,1,6,0,0.044077695
model-a,synthetic/q01,1,2,1,7,0,0.21471302
model-a,synthetic/q01,1,2,1,8,0,0.012481421
model-a,synthetic/q01,1,2,1,9,0,0.13066542
model-a,synthetic/q01,1,2,1,10,0,0.026970021
model-a,synthetic/q01,1,2,1,11,0,0.026816577
model-a,synthetic/q01,1,2,1,12,0,0.21844555
model-a,synthetic/q01,1,2,1,13,0,0.27133365
model-a,synthetic/q01,1,2,1,14,0,0.16390386
model-a,synthetic/q01,1,2,1,15,0,0.086078871
model-a,synthetic/q01,1,2,1,16,1,0.84097259
model-a,synthetic/q01,1,2,1,17,0,0.67931176
model-a,synthetic/q01,1,2,1,18,0,0.035517176
model-a,synthetic/q01,1,2,1,19,1,0.55373033
model-a,synthetic/q01,1,2,1,20,0,0.49813154
model-a,synthetic/q01,1,2,1,21,0,0.43257444
model-a,synthetic/q01,1,2,1,22,0,0.19217759
model-a,synthetic/q01,1,2,2,0,0,0.12713947
model-a,synthetic/q01,1,2,2,1,0,0.4726118
model-a,synthetic/q01,1,2,2,2,0,0.30052188
model-a,synthetic/q01,1,2,2,3,0,0.15590091
model-a,synthetic/q01,1,2,2,4,0,0.27309421
model-a,synthetic/q01,1,2,2,5,0,0.017280681
model-a,synthetic/q01,1,2,2,6,0,0.1908406
model-a,synthetic/q01,1,2,2,7,0,0.044432486
model-a,synthetic/q01,1,2,2,8,0,0.17333828
model-a,synthetic/q01,1,2,2,9,0,0.32436483
model-a,synthetic/q01,1,2,2,10,0,0.51409824
model-a,synthetic/q01,1,2,2,11,0,0.54416715
model-a,synthetic/q01,1,2,2,12,1,0.78338722
model-a,synthetic/q01,1,2,2,13,0,0.72370725
model-a,synthetic/q01,1,2,2,14,0,0.27383022
model-a,synthetic/q01,1,2,2,15,0,0.11244413
model-a,synthetic/q01,1,2,2,16,1,0.75525308
model-a,synthetic/q01,1,2,2,17,0,0.023837909
model-a,synthetic/q01,1,2,2,18,0,0.21620156
model-a,synthetic/q01,1,2,2,19,0,0.5599073
model-a,synthetic/q01,1,2,2,20,0,0.24315115
model-a,synthetic/q01,1,2,2,21,0,0.13013781
model-a,synthetic/q01,1,2,2,22,0,0.37939481
model-a,synthetic/q01,1,2,2,23,0,0.015888732
model-a,synthetic/q01,1,2,2,24,0,0.20197633
model-a,synthetic/q01,1,2,2,25,0,0.1846102
model-a,synthetic/q01,1,2,2,26,0,0.15599024
model-a,synthetic/q01,1,2,2,27,0,0.12595774
model-a,synthetic/q01,1,2,2,28,0,0.33542166
model-a,synthetic/q01,1,2,2,29,1,0.38878699
model-a,synthetic/q01,1,2,3,0,1,0.81318285
model-a,synthetic/q01,1,2,3,1,0,0.21748858
model-a,synthetic/q01,1,2,3,2,0,0.12024556
model-a,synthetic/q01,1,2,3,3,0,0.19470049
model-a,synthetic/q01,1,2,3,4,0,0.31197797
model-a,synthetic/q01,1,2,3,5,0,0.40389471
model-a,synthetic/q01,1,2,3,6,0,0.46025116
model-a,synthetic/q01,1,2,3,7,0,0.41741181
model-a,synthetic/q01,1,2,3,8,0,0.095630048
model-a,synthetic/q01,1,2,3,9,0,0.43154591
model-a,synthetic/q01,1,2,3,10,0,0.31589102
model-a,synthetic/q01,1,2,3,11,0,0.13844848
model-a,synthetic/q01,1,2,3,12,0,0.095453096
model-a,synthetic/q01,1,2,3,13,0,0.33021405
model-a,synthetic/q01,1,2,3,14,1,0.61221519
model-a,synthetic/q01,1,2,3,15,0,0.52715265
model-a,synthetic/q01,1,2,3,16,0,0.012711632
model-a,synthetic/q01,1,2,3,17,0,0.30099226
model-a,synthetic/q01,1,2,3,18,0,0.032453785
model-a,synthetic/q01,1,2,3,19,1,0.50556329
model-a,synthetic/q01,1,2,3,20,0,0.027843791
model-a,synthetic/q01,1,2,3,21,0,0.10745411
model-a,synthetic/q02,2,0,0,0,0,0.55473681
model-a,synthetic/q02,2,0,0,1,0,0.21726612
model-a,synthetic/q02,2,0,0,2,0,0.29730888
model-a,synthetic/q02,2,0,0,3,0,0.17181344
model-a,synthetic/q02,2,0,0,4,1,0.72804735
model-a,synthetic/q02,2,0,0,5,0,0.094848248
model-a,synthetic/q02,2,0,0,6,0,0.18142722
model-a,synthetic/q02,2,0,0,7,0,0.19526423
model-a,synthetic/q02,2,0,0,8,1,0.36723136
model-a,synthetic/q02,2,0,0,9,0,0.28727308
model-a,synthetic/q02,2,0,0,10,0,0.15952437
model-a,synthetic/q02,2,0,0,11,0,0.10047494
model-a,synthetic/q02,2,0,0,12,0,0.82866724
model-a,synthetic/q02,2,0,0,13,0,0.28697715
model-a,synthetic/q02,2,0,0,14,0,0.0782592
model-a,synthetic/q02,2,0,0,15,0,0.30757204
model-a,synthetic/q02,2,0,0,16,0,0.1325063
model-a,synthetic/q02,2,0,0,17,0,0.14060642
model-a,synthetic/q02,2,0,0,18,0,0.056286044
model-a,synthetic/q02,2,0,0,19,0,0.20737261
model-a,synthetic/q02,2,0,1,0,0,0.30237598
model-a,synthetic/q02,2,0,1,1,0,0.47421653
model-a,synthetic/q02,2,0,1,2,0,0.079721911
model-a,synthetic/q02,2,0,1,3,1,0.66913734
model-a,synthetic/q02,2,0,1,4,0,0.038100475
model-a,synthetic/q02,2,0,1,5,0,0.22137647
model-a,synthetic/q02,2,0,1,6,0,0.18720237
model-a,synthetic/q02,2,0,1,7,0,0.021272175
model-a,synthetic/q02,2,0,1,8,0,0.11732741
model-a,synthetic/q02,2,0,1,9,0,0.45394645
model-a,synthetic/q02,2,0,1,10,1,0.35315465
model-a,synthetic/q02,2,0,1,11,1,0.81346746
model-a,synthetic/q02,2,0,1,12,0,0.064958287
model-a,synthetic/q02,2,0,1,13,0,0.082569088
model-a,synthetic/q02,2,0,1,14,0,0.16059812
model-a,synthetic/q02,2,0,1,15,0,0.27783942
model-a,synthetic/q02,2,0,1,16,0,0.46859443
model-a,synthetic/q02,2,0,1,17,0,0.36237977
model-a,synthetic/q02,2,0,1,18,0,0.24814294
model-a,synthetic/q02,2,0,1,19,0,0.094876122
model-a,synthetic/q02,2,0,1,20,0,0.057496721
model-a,synthetic/q02,2,0,1,21,0,0.11454608
model-a,synthetic/q02,2,0,1,22,0,0.19956308
model-a,synthetic/q02,2,0,1,23,0,0.21786255
model-a,synthetic/q02,2,0,1,24,0,0.27680437
model-a,synthetic/q02,2,0,1,25,0,0.19737572
model-a,synthetic/q02,2,0,1,26,0,0.01290499
model-a,synthetic/q02,2,0,1,27,0,0.37033528
model-a,synthetic/q02,2,0,1,28,0,0.091130196
model-a,synthetic/q02,2,0,1,29,0,0.39241918
model-a,synthetic/q02,2,0,2,0,0,0.20773405
model-a,synthetic/q02,2,0,2,1,0,0.20467289
model-a,synthetic/q02,2,0,2,2,0,0.3013393
model-a,synthetic/q02,2,0,2,3,0,0.035639348
model-a,synthetic/q02,2,0,2,4,0,0.093033069
model-a,synthetic/q02,2,0,2,5,0,0.12928862
model-a,synthetic/q02,2,0,2,6,0,0.087038711
model-a,synthetic/q02,2,0,2,7,0,0.32787722
model-a,synthetic/q02,2,0,2,8,0,0.26055524
model-a,synthetic/q02,2,0,2,9,0,0.35273611
model-a,synthetic/q02,2,0,2,10,1,0.3964292
model-a,synthetic/q02,2,0,2,11,0,0.11481753
model-a,synthetic/q02,2,0,2,12,1,0.60871662
model-a,synthetic/q02,2,0,2,13,0,0.17289767
model-a,synthetic/q02,2,0,2,14,0,0.051602019
model-a,synthetic/q02,2,0,2,15,0,0.096212603
model-a,synthetic/q02,2,0,2,16,1,0.75470754
model-a,synthetic/q02,2,0,2,17,0,0.035738037
model-a,synthetic/q02,2,0,2,18,0,0.060521895
model-a,synthetic/q02,2,0,2,19,0,0.33592841
model-a,synthetic/q02,2,0,2,20,0,0.082851541
model-a,synthetic/q02,2,0,2,21,0,0.038890065
model-a,synthetic/q02,2,0,2,22,0,0.29397495
model-a,synthetic/q02,2,0,2,23,0,0.4303956
model-a,synthetic/q02,2,0,2,24,0,0.16829254
model-a,synthetic/q02,2,0,2,25,0,0.32058985
model-a,synthetic/q02,2,0,2,26,0,0.2163688
model-a,synthetic/q02,2,0,2,27,0,0.30087108
model-a,synthetic/q02,2,0,2,28,0,0.094310507
model-a,synthetic/q02,2,0,2,29,1,0.42315625
model-a,synthetic/q02,2,0,2,30,0,0.42636731
model-a,synthetic/q02,2,0,2,31,0,0.10830073
model-a,synthetic/q02,2,0,2,32,0,0.3107767
model-a,synthetic/q02,2,0,2,33,0,0.23447639
model-a,synthetic/q02,2,0,3,0,0,0.6735972
model-a,synthetic/q02,2,0,3,1,0,0.056173643
model-a,synthetic/q02,2,0,3,2,0,0.10660586
model-a,synthetic/q02,2,0,3,3,0,0.087374407
model-a,synthetic/q02,2,0,3,4,1,0.90481637
model-a,synthetic/q02,2,0,3,5,0,0.024694219
model-a,synthetic/q02,2,0,3,6,0,0.102349
model-a,synthetic/q02,2,0,3,7,0,0.11396043
model-a,synthetic/q02,2,0,3,8,0,0.64280108
model-a,synthetic/q02,2,0,3,9,0,0.019952317
model-a,synthetic/q02,2,0,3,10,0,0.44697172
model-a,synthetic/q02,2,0,3,11,1,0.72965541
model-a,synthetic/q02,2,0,3,12,0,0.57624803
model-a,synthetic/q02,2,0,3,13,0,0.32283203
model-a,synthetic/q02,2,0,3,14,0,0.047160867
model-a,synthetic/q02,2,0,3,15,1,0.599505
model-a,synthetic/q02,2,0,3,16,0,0.013170933
model-a,synthetic/q02,2,0,3,17,0,0.30807894
model-a,synthetic/q02,2,0,3,18,0,0.30378432
model-a,synthetic/q02,2,0,3,19,0,0.23938386
model-a,synthetic/q02,2,0,3,20,0,0.38377714
model-a,synthetic/q02,2,0,3,21,0,0.19810813
model-a,synthetic/q02,2,0,3,22,0,0.1408706
model-a,synthetic/q02,2,0,3,23,0,0.029281217
model-a,synthetic/q02,2,0,3,24,0,0.022628013
model-a,synthetic/q02,2,0,3,25,0,0.16928669
model-a,synthetic/q02,2,0,3,26,0,0.38941276
model-a,synthetic/q02,2,0,3,27,0,0.28257123
model-a,synthetic/q02,2,1,0,0,0,0.1185594
model-a,synthetic/q02,2,1,0,1,1,0.81512872
model-a,synthetic/q02,2,1,0,2,0,0.22701215
model-a,synthetic/q02,2,1,0,3,1,0.60428196
model-a,synthetic/q02,2,1,0,4,0,0.14863299
model-a,synthetic/q02,2,1,0,5,0,0.12754089
model-a,synthetic/q02,2,1,0,6,1,0.62278672
model-a,synthetic/q02,2,1,0,7,0,0.045803432
model-a,synthetic/q02,2,1,0,8,0,0.47542582
model-a,synthetic/q02,2,1,0,9,0,0.41049978
model-a,synthetic/q02,2,1,0,10,0,0.060813988
model-a,synthetic/q02,2,1,0,11,0,0.26867118
model-a,synthetic/q02,2,1,0,12,0,0.11566273
model-a,synthetic/q02,2,1,0,13,0,0.20995855
model-a,synthetic/q02,2,1,0,14,0,0.5474347
model-a,synthetic/q02,2,1,0,15,0,0.05664883
model-a,synthetic/q02,2,1,0,16,0,0.16609681
model-a,synthetic/q02,2,1,0,17,0,0.039511726
model-a,synthetic/q02,2,1,0,18,0,0.1711778
model-a,synthetic/q02,2,1,0,19,0,0.095403104
model-a,synthetic/q02,2,1,0,20,0,0.031676504
model-a,synthetic/q02,2,1,0,21,0,0.17068481
model-a,synthetic/q02,2,1,0,22,0,0.1984936
model-a,synthetic/q02,2,1,1,0,0,0.1916453
model-a,synthetic/q02,2,1,1,1,0,0.266991
model-a,synthetic/q02,2,1,1,2,0,0.01872545
model-a,synthetic/q02,2,1,1,3,0,0.14794418
model-a,synthetic/q02,2,1,1,4,0,0.18541896
model-a,synthetic/q02,2,1,1,5,0,0.35179512
model-a,synthetic/q02,2,1,1,6,0,0.099999621
model-a,synthetic/q02,2,1,1,7,0,0.090854926
model-a,synthetic/q02,2,1,1,8,0,0.021062539
model-a,synthetic/q02,2,1,1,9,0,0.022288936
model-a,synthetic/q02,2,1,1,10,0,0.47928281
model-a,synthetic/q02,2,1,1,11,1,0.15727849
model-a,synthetic/q02,2,1,1,12,0,0.039277377
model-a,synthetic/q02,2,1,1,13,0,0.043207556
model-a,synthetic/q02,2,1,1,14,0,0.11627051
model-a,synthetic/q02,2,1,1,15,1,0.23688197
model-a,synthetic/q02,2,1,1,16,1,0.50696152
model-a,synthetic/q02,2,1,1,17,0,0.1657896
model-a,synthetic/q02,2,1,1,18,0,0.067910347
model-a,synthetic/q02,2,1,1,19,0,0.033720199
model-a,synthetic/q02,2,1,1,20,0,0.077229041
model-a,synthetic/q02,2,1,1,21,0,0.21768173
model-a,synthetic/q02,2,1,1,22,0,0.26877717
model-a,synthetic/q02,2,1,1,23,0,0.52516729
model-a,synthetic/q02,2,1,1,24,0,0.29178409
model-a,synthetic/q02,2,1,1,25,0,0.0046164863
model-a,synthetic/q02,2,1,1,26,0,0.033343337
model-a,synthetic/q02,2,1,1,27,0,0.068248176
model-a,synthetic/q02,2,1,2,0,1,0.5509912
model-a,synthetic/q02,2,1,2,1,0,0.20250909
model-a,synthetic/q02,2,1,2,2,0,0.071914471
model-a,synthetic/q02,2,1,2,3,1,0.36355347
model-a,synthetic/q02,2,1,2,4,0,0.056161996
model-a,synthetic/q02,2,1,2,5,0,0.26676168
model-a,synthetic/q02,2,1,2,6,0,0.3995768
model-a,synthetic/q02,2,1,2,7,0,0.1745179
model-a,synthetic/q02,2,1,2,8,0,0.072852273
model-a,synthetic/q02,2,1,2,9,0,0.17615061
model-a,synthetic/q02,2,1,2,10,1,0.49127691
model-a,synthetic/q02,2,1,2,11,0,0.12655749
model-a,synthetic/q02,2,1,2,12,0,0.3318046
model-a,synthetic/q02,2,1,2,13,0,0.06449647
model-a,synthetic/q02,2,1,2,14,0,0.26815924
model-a,synthetic/q02,2,1,2,15,0,0.073352914
model-a,synthetic/q02,2,1,2,16,0,0.14071047
model-a,synthetic/q02,2,1,2,17,0,0.058676378
model-a,synthetic/q02,2,1,2,18,0,0.033532584
model-a,synthetic/q02,2,1,2,19,0,0.49397701
model-a,synthetic/q02,2,1,2,20,0,0.24191357
model-a,synthetic/q02,2,1,2,21,0,0.098215295
model-a,synthetic/q02,2,1,2,22,0,0.047522834
model-a,synthetic/q02,2,1,2,23,0,0.21517269
model-a,synthetic/q02,2,1,2,24,0,0.54028863
model-a,synthetic/q02,2,1,2,25,0,0.056439292
model-a,synthetic/q02,2,1,3,0,1,0.49593114
model-a,synthetic/q02,2,1,3,1,0,0.02357315
model-a,synthetic/q02,2,1,3,2,0,0.16612308
model-a,synthetic/q02,2,1,3,3,0,0.047067266
model-a,synthetic/q02,2,1,3,4,0,0.2401928
model-a,synthetic/q02,2,1,3,5,0,0.013675622
model-a,synthetic/q02,2,1,3,6,0,0.26595542
model-a,synthetic/q02,2,1,3,7,0,0.29364784
model-a,synthetic/q02,2,1,3,8,0,0.23872447
model-a,synthetic/q02,2,1,3,9,0,0.10416854
model-a,synthetic/q02,2,1,3,10,0,0.4185214
model-a,synthetic/q02,2,1,3,11,0,0.028333255
model-a,synthetic/q02,2,1,3,12,0,0.18909436
model-a,synthetic/q02,2,1,3,13,0,0.081408577
model-a,synthetic/q02,2,1,3,14,0,0.077623024
model-a,synthetic/q02,2,1,3,15,0,0.20342622
model-a,synthetic/q02,2,1,3,16,0,0.65110104
model-a,synthetic/q02,2,1,3,17,0,0.10548169
model-a,synthetic/q02,2,1,3,18,0,0.18313546
model-a,synthetic/q02,2,1,3,19,0,0.028045914
model-a,synthetic/q02,2,1,3,20,0,0.41754654
model-a,synthetic/q02,2,1,3,21,0,0.21053656
model-a,synthetic/q02,2,1,3,22,1,0.12090241
model-a,synthetic/q02,2,1,3,23,1,0.6250854
model-a,synthetic/q02,2,1,3,24,0,0.23712636
model-a,synthetic/q02,2,1,3,25,0,0.056599686
model-a,synthetic/q02,2,2,0,0,0,0.45195308
model-a,synthetic/q02,2,2,0,1,0,0.24127707
model-a,synthetic/q02,2,2,0,2,0,0.184678
model-a,synthetic/q02,2,2,0,3,1,0.61629861
model-a,synthetic/q02,2,2,0,4,0,0.68451204
model-a,synthetic/q02,2,2,0,5,0,0.20995341
model-a,synthetic/q02,2,2,0,6,0,0.37632197
model-a,synthetic/q02,2,2,0,7,0,0.065809918
model-a,synthetic/q02,2,2,0,8,0,0.083880362
model-a,synthetic/q02,2,2,0,9,0,0.31761301
model-a,synthetic/q02,2,2,0,10,0,0.13529365
model-a,synthetic/q02,2,2,0,11,0,0.53638575
model-a,synthetic/q02,2,2,0,12,0,0.18324333
model-a,synthetic/q02,2,2,0,13,0,0.060058169
model-a,synthetic/q02,2,2,0,14,0,0.39889771
model-a,synthetic/q02,2,2,0,15,0,0.087465523
model-a,synthetic/q02,2,2,0,16,0,0.11160511
model-a,synthetic/q02,2,2,0,17,0,0.25035648
model-a,synthetic/q02,2,2,0,18,0,0.090806881
model-a,synthetic/q02,2,2,0,19,1,0.52598711
model-a,synthetic/q02,2,2,0,20,0,0.53775315
model-a,synthetic/q02,2,2,0,21,1,0.25744934
model-a,synthetic/q02,2,2,0,22,0,0.19458323
model-a,synthetic/q02,2,2,0,23,0,0.15915596
model-a,synthetic/q02,2,2,0,24,0,0.11532154
model-a,synthetic/q02,2,2,0,25,0,0.15990061
model-a,synthetic/q02,2,2,0,26,0,0.086476704
model-a,synthetic/q02,2,2,1,0,0,0.071005454
model-a,synthetic/q02,2,2,1,1,0,0.11586573
model-a,synthetic/q02,2,2,1,2,1,0.23709622
model-a,synthetic/q02,2,2,1,3,0,0.022493064
model-a,synthetic/q02,2,2,1,4,1,0.35959446
model-a,synthetic/q02,2,2,1,5,0,0.065896547
model-a,synthetic/q02,2,2,1,6,0,0.044040931
model-a,synthetic/q02,2,2,1,7,0,0.053835317
model-a,synthetic/q02,2,2,1,8,0,0.1193009
model-a,synthetic/q02,2,2,1,9,0,0.091921709
model-a,synthetic/q02,2,2,1,10,0,0.052788239
model-a,synthetic/q02,2,2,1,11,0,0.049013648
model-a,synthetic/q02,2,2,1,12,0,0.31881538
model-a,synthetic/q02,2,2,1,13,0,0.10117144
model-a,synthetic/q02,2,2,1,14,0,0.18289882
model-a,synthetic/q02,2,2,1,15,0,0.030029573
model-a,synthetic/q02,2,2,1,16,0,0.39109589
model-a,synthetic/q02,2,2,1,17,0,0.16310393
model-a,synthetic/q02,2,2,1,18,0,0.66345107
model-a,synthetic/q02,2,2,1,19,0,0.089849765
model-a,synthetic/q02,2,2,1,20,0,0.29747034
model-a,synthetic/q02,2,2,1,21,0,0.25373171
model-a,synthetic/q02,2,2,1,22,0,0.10349478
model-a,synthetic/q02,2,2,1,23,0,0.17709534
model-a,synthetic/q02,2,2,1,24,0,0.20312066
model-a,synthetic/q02,2,2,1,25,0,0.010958478
model-a,synthetic/q02,2,2,1,26,0,0.20865284
model-a,synthetic/q02,2,2,1,27,1,0.24112107
model-a,synthetic/q02,2,2,1,28,0,0.13384123
model-a,synthetic/q02,2,2,1,29,0,0.09515448
model-a,synthetic/q02,2,2,1,30,0,0.19704692
model-a,synthetic/q02,2,2,1,31,0,0.062533447
model-a,synthetic/q02,2,2,1,32,0,0.037020789
model-a,synthetic/q02,2,2,1,33,0,0.19019627
model-a,synthetic/q02,2,2,1,34,0,0.20846605
model-a,synthetic/q02,2,2,1,35,0,0.08026132
model-a,synthetic/q02,2,2,1,36,0,0.093206155
model-a,synthetic/q02,2,2,1,37,0,0.0051863213
model-a,synthetic/q02,2,2,1,38,1,0.458972
model-a,synthetic/q02,2,2,1,39,0,0.45154767
model-a,synthetic/q02,2,2,2,0,0,0.39620112
model-a,synthetic/q02,2,2,2,1,0,0.073273189
model-a,synthetic/q02,2,2,2,2,0,0.052026088
model-a,synthetic/q02,2,2,2,3,1,0.54192483
model-a,synthetic/q02,2,2,2,4,0,0.292614
model-a,synthetic/q02,2,2,2,5,0,0.14276532
model-a,synthetic/q02,2,2,2,6,0,0.029779424
model-a,synthetic/q02,2,2,2,7,0,0.56600325
model-a,synthetic/q02,2,2,2,8,0,0.36370114
model-a,synthetic/q02,2,2,2,9,0,0.068917181
model-a,synthetic/q02,2,2,2,10,0,0.56773457
model-a,synthetic/q02,2,2,2,11,0,0.11808117
model-a,synthetic/q02,2,2,2,12,0,0.056682668
model-a,synthetic/q02,2,2,2,13,1,0.17104618
model-a,synthetic/q02,2,2,2,14,0,0.036489208
model-a,synthetic/q02,2,2,2,15,0,0.13463062
model-a,synthetic/q02,2,2,2,16,0,0.13612546
model-a,synthetic/q02,2,2,2,17,0,0.24656916
model-a,synthetic/q02,2,2,2,18,0,0.017600484
model-a,synthetic/q02,2,2,2,19,1,0.17801585
model-a,synthetic/q02,2,2,2,20,0,0.043620782
model-a,synthetic/q02,2,2,2,21,0,0.12846915
model-a,synthetic/q02,2,2,2,22,0,0.025173478
model-a,synthetic/q02,2,2,2,23,0,0.16009302
model-a,synthetic/q02,2,2,2,24,1,0.3389468
model-a,synthetic/q02,2,2,2,25,0,0.16409365
model-a,synthetic/q02,2,2,2,26,0,0.32470204
model-a,synthetic/q02,2,2,2,27,0,0.14078986
model-a,synthetic/q02,2,2,2,28,0,0.22436824
model-a,synthetic/q02,2,2,2,29,0,0.17460387
model-a,synthetic/q02,2,2,2,30,0,0.050391066
model-a,synthetic/q02,2,2,2,31,0,0.54386006
model-a,synthetic/q02,2,2,3,0,0,0.39986118
model-a,synthetic/q02,2,2,3,1,0,0.19929369
model-a,synthetic/q02,2,2,3,2,0,0.23672945
model-a,synthetic/q02,2,2,3,3,0,0.12823851
model-a,synthetic/q02,2,2,3,4,0,0.48970867
model-a,synthetic/q02,2,2,3,5,0,0.02752927
model-a,synthetic/q02,2,2,3,6,0,0.23569755
model-a,synthetic/q02,2,2,3,7,0,0.59481817
model-a,synthetic/q02,2,2,3,8,0,0.44389487
model-a,synthetic/q02,2,2,3,9,0,0.10517946
model-a,synthetic/q02,2,2,3,10,0,0.38443853
model-a,synthetic/q02,2,2,3,11,1,0.54353584
model-a,synthetic/q02,2,2,3,12,0,0.5555544
model-a,synthetic/q02,2,2,3,13,0,0.15980179
model-a,synthetic/q02,2,2,3,14,0,0.14754537
model-a,synthetic/q02,2,2,3,15,0,0.24124589
model-a,synthetic/q02,2,2,3,16,1,0.60991204
model-a,synthetic/q02,2,2,3,17,0,0.01103784
model-a,synthetic/q02,2,2,3,18,0,0.38288023
model-a,synthetic/q02,2,2,3,19,0,0.20166426
model-a,synthetic/q02,2,2,3,20,1,0.23621865
model-a,synthetic/q02,2,2,3,21,0,0.097943415
model-a,synthetic/q02,2,2,3,22,0,0.017518839
model-a,synthetic/q02,2,2,3,23,1,0.32485989
model-a,synthetic/q02,2,2,3,24,0,0.025752996
model-a,synthetic/q02,2,2,3,25,0,0.616796
model-a,synthetic/q02,2,2,3,26,0,0.07932482
model-a,synthetic/q02,2,2,3,27,0,0.097534114
model-a,synthetic/q02,2,2,3,28,0,0.077344602
model-a,synthetic/q02,2,2,3,29,0,0.25655332
model-a,synthetic/q02,2,2,3,30,0,0.35919734
model-a,synthetic/q03,3,0,0,0,0,0.083472355
model-a,synthetic/q03,3,0,0,1,0,0.10245345
model-a,synthetic/q03,3,0,0,2,0,0.34897141
model-a,synthetic/q03,3,0,0,3,0,0.089987176
model-a,synthetic/q03,3,0,0,4,0,0.50419177
model-a,synthetic/q03,3,0,0,5,0,0.068835852
model-a,synthetic/q03,3,0,0,6,0,0.2212666
model-a,synthetic/q03,3,0,0,7,1,0.38757981
model-a,synthetic/q03,3,0,0,8,0,0.26649567
model-a,synthetic/q03,3,0,0,9,0,0.43799193
model-a,synthetic/q03,3,0,0,10,0,0.28222015
model-a,synthetic/q03,3,0,0,11,0,0.017333935
model-a,synthetic/q03,3,0,0,12,0,0.32364387
model-a,synthetic/q03,3,0,0,13,0,0.02602802
model-a,synthetic/q03,3,0,0,14,0,0.57329283
model-a,synthetic/q03,3,0,0,15,0,0.074123555
model-a,synthetic/q03,3,0,0,16,1,0.66525959
model-a,synthetic/q03,3,0,0,17,0,0.32184308
model-a,synthetic/q03,3,0,0,18,0,0.19527215
model-a,synthetic/q03,3,0,0,19,0,0.065194526
model-a,synthetic/q03,3,0,0,20,0,0.30006218
model-a,synthetic/q03,3,0,0,21,0,0.37158613
model-a,synthetic/q03,3,0,0,22,0,0.069037596
model-a,synthetic/q03,3,0,0,23,0,0.019643324
model-a,synthetic/q03,3,0,0,24,0,0.099520354
model-a,synthetic/q03,3,0,0,25,1,0.62080288
model-a,synthetic/q03,3,0,0,26,1,0.38655341
model-a,synthetic/q03,3,0,0,27,0,0.31909974
model-a,synthetic/q03,3,0,0,28,0,0.26276816
model-a,synthetic/q03,3,0,0,29,0,0.15857497
model-a,synthetic/q03,3,0,0,30,0,0.033910632
model-a,synthetic/q03,3,0,0,31,0,0.072855808
model-a,synthetic/q03,3,0,0,32,0,0.14644006
model-a,synthetic/q03,3,0,0,33,0,0.12828069
model-a,synthetic/q03,3,0,0,34,0,0.27195428
model-a,synthetic/q03,3,0,0,35,0,0.039832122
model-a,synthetic/q03,3,0,0,36,0,0.20332892
model-a,synthetic/q03,3,0,0,37,0,0.1972633
model-a,synthetic/q03,3,0,0,38,0,0.034667372
model-a,synthetic/q03,3,0,1,0,0,0.097560978
model-a,synthetic/q03,3,0,1,1,1,0.72927685
model-a,synthetic/q03,3,0,1,2,0,0.13627533
model-a,synthetic/q03,3,0,1,3,0,0.15362363
model-a,synthetic/q03,3,0,1,4,0,0.053671774
model-a,synthetic/q03,3,0,1,5,0,0.029268325
model-a,synthetic/q03,3,0,1,6,0,0.82750659
model-a,synthetic/q03,3,0,1,7,0,0.14519204
model-a,synthetic/q03,3,0,1,8,1,0.53513843
model-a,synthetic/q03,3,0,1,9,0,0.065067177
model-a,synthetic/q03,3,0,1,10,0,0.58052163
model-a,synthetic/q03,3,0,1,11,0,0.16028088
model-a,synthetic/q03,3,0,1,12,0,0.29957028
model-a,synthetic/q03,3,0,1,13,0,0.45665937
model-a,synthetic/q03,3,0,1,14,0,0.20680009
model-a,synthetic/q03,3,0,1,15,0,0.25310244
model-a,synthetic/q03,3,0,1,16,0,0.011534042
model-a,synthetic/q03,3,0,1,17,0,0.086738524
model-a,synthetic/q03,3,0,1,18,1,0.90683051
model-a,synthetic/q03,3,0,1,19,0,0.061763718
model-a,synthetic/q03,3,0,1,20,0,0.23543487
model-a,synthetic/q03,3,0,1,21,0,0.19868883
model-a,synthetic/q03,3,0,1,22,0,0.23751394
model-a,synthetic/q03,3,0,1,23,0,0.29578777
model-a,synthetic/q03,3,0,1,24,0,0.049304499
model-a,synthetic/q03,3,0,1,25,0,0.37305982
model-a,synthetic/q03,3,0,1,26,0,0.32499224
model-a,synthetic/q03,3,0,1,27,0,0.074578192
model-a,synthetic/q03,3,0,2,0,0,0.55382603
model-a,synthetic/q03,3,0,2,1,0,0.40384044
model-a,synthetic/q03,3,0,2,2,0,0.34587571
model-a,synthetic/q03,3,0,2,3,0,0.37313025
model-a,synthetic/q03,3,0,2,4,0,0.17509024
model-a,synthetic/q03,3,0,2,5,0,0.070909829
model-a,synthetic/q03,3,0,2,6,0,0.047905264
model-a,synthetic/q03,3,0,2,7,0,0.039106336
model-a,synthetic/q03,3,0,2,8,0,0.64735877
model-a,synthetic/q03,3,0,2,9,0,0.090363976
model-a,synthetic/q03,3,0,2,10,0,0.019721028
model-a,synthetic/q03,3,0,2,11,0,0.14845073
model-a,synthetic/q03,3,0,2,12,0,0.13805076
model-a,synthetic/q03,3,0,2,13,0,0.038665583
model-a,synthetic/q03,3,0,2,14,0,0.045555776
model-a,synthetic/q03,3,0,2,15,0,0.26354124
model-a,synthetic/q03,3,0,2,16,0,0.10645107
model-a,synthetic/q03,3,0,2,17,0,0.58173646
model-a,synthetic/q03,3,0,2,18,0,0.10932443
model-a,synthetic/q03,3,0,2,19,1,0.65690645
model-a,synthetic/q03,3,0,2,20,1,0.69645776
model-a,synthetic/q03,3,0,2,21,1,0.43035854
model-a,synthetic/q03,3,0,2,22,0,0.074582406
model-a,synthetic/q03,3,0,2,23,0,0.11578162
model-a,synthetic/q03,3,0,2,24,0,0.16702963
model-a,synthetic/q03,3,0,2,25,0,0.060127142
model-a,synthetic/q03,3,0,2,26,0,0.042852274
model-a,synthetic/q03,3,0,2,27,0,0.10988906
model-a,synthetic/q03,3,0,3,0,0,0.062382077
model-a,synthetic/q03,3,0,3,1,1,0.24182263
model-a,synthetic/q03,3,0,3,2,0,0.17520706
model-a,synthetic/q03,3,0,3,3,0,0.18629816
model-a,synthetic/q03,3,0,3,4,1,0.62868333
model-a,synthetic/q03,3,0,3,5,0,0.24851858
model-a,synthetic/q03,3,0,3,6,0,0.36837984
model-a,synthetic/q03,3,0,3,7,0,0.49569411
model-a,synthetic/q03,3,0,3,8,0,0.15901453
model-a,synthetic/q03,3,0,3,9,0,0.080175665
model-a,synthetic/q03,3,0,3,10,1,0.35320867
model-a,synthetic/q03,3,0,3,11,0,0.38528323
model-a,synthetic/q03,3,0,3,12,0,0.063526414
model-a,synthetic/q03,3,0,3,13,0,0.026182848
model-a,synthetic/q03,3,0,3,14,0,0.098486589
model-a,synthetic/q03,3,0,3,15,0,0.10850128
model-a,synthetic/q03,3,0,3,16,0,0.041219754
model-a,synthetic/q03,3,0,3,17,0,0.26787398
model-a,synthetic/q03,3,0,3,18,0,0.2391565
model-a,synthetic/q03,3,0,3,19,0,0.4424787
model-a,synthetic/q03,3,0,3,20,0,0.035477328
model-a,synthetic/q03,3,0,3,21,0,0.099784764
model-a,synthetic/q03,3,0,3,22,0,0.1214828
model-a,synthetic/q03,3,0,3,23,0,0.44793058
model-a,synthetic/q03,3,1,0,0,0,0.059371312
model-a,synthetic/q03,3,1,0,1,0,0.14928311
model-a,synthetic/q03,3,1,0,2,0,0.20213519
model-a,synthetic/q03,3,1,0,3,0,0.052970016
model-a,synthetic/q03,3,1,0,4,0,0.57636987
model-a,synthetic/q03,3,1,0,5,0,0.2688728
model-a,synthetic/q03,3,1,0,6,0,0.26680562
model-a,synthetic/q03,3,1,0,7,0,0.034708853
model-a,synthetic/q03,3,1,0,8,0,0.058477077
model-a,synthetic/q03,3,1,0,9,0,0.37783897
model-a,synthetic/q03,3,1,0,10,0,0.33295298
model-a,synthetic/q03,3,1,0,11,0,0.12506878
model-a,synthetic/q03,3,1,0,12,0,0.13575597
model-a,synthetic/q03,3,1,0,13,0,0.023525214
model-a,synthetic/q03,3,1,0,14,0,0.08279954
model-a,synthetic/q03,3,1,0,15,0,0.36079495
model-a,synthetic/q03,3,1,0,16,0,0.01985144
model-a,synthetic/q03,3,1,0,17,0,0.15232789
model-a,synthetic/q03,3,1,0,18,0,0.011956787
model-a,synthetic/q03,3,1,0,19,0,0.11360164
model-a,synthetic/q03,3,1,0,20,1,0.54876919
model-a,synthetic/q03,3,1,0,21,0,0.085679064
model-a,synthetic/q03,3,1,0,22,1,0.53357828
model-a,synthetic/q03,3,1,0,23,0,0.15356717
model-a,synthetic/q03,3,1,0,24,0,0.014176756
model-a,synthetic/q03,3,1,0,25,1,0.61297894
model-a,synthetic/q03,3,1,0,26,1,0.84389444
model-a,synthetic/q03,3,1,0,27,0,0.0331948
model-a,synthetic/q03,3,1,0,28,0,0.18973845
model-a,synthetic/q03,3,1,0,29,0,0.37177247
model-a,synthetic/q03,3,1,0,30,0,0.26121932
model-a,synthetic/q03,3,1,0,31,0,0.1721488
model-a,synthetic/q03,3,1,0,32,0,0.24872427
model-a,synthetic/q03,3,1,0,33,0,0.32967979
model-a,synthetic/q03,3,1,0,34,0,0.16296253
model-a,synthetic/q03,3,1,0,35,0,0.071923066
model-a,synthetic/q03,3,1,0,36,0,0.37290213
model-a,synthetic/q03,3,1,0,37,0,0.14855954
model-a,synthetic/q03,3,1,0,38,0,0.37659281
model-a,synthetic/q03,3,1,0,39,0,0.1863589
model-a,synthetic/q03,3,1,1,0,0,0.077865549
model-a,synthetic/q03,3,1,1,1,1,0.48405612
model-a,synthetic/q03,3,1,1,2,0,0.16993384
model-a,synthetic/q03,3,1,1,3,0,0.23897905
model-a,synthetic/q03,3,1,1,4,0,0.083564587
model-a,synthetic/q03,3,1,1,5,0,0.11895289
model-a,synthetic/q03,3,1,1,6,0,0.18382508
model-a,synthetic/q03,3,1,1,7,0,0.093781611
model-a,synthetic/q03,3,1,1,8,0,0.31851271
model-a,synthetic/q03,3,1,1,9,0,0.26516428
model-a,synthetic/q03,3,1,1,10,0,0.38445225
model-a,synthetic/q03,3,1,1,11,0,0.28443651
model-a,synthetic/q03,3,1,1,12,0,0.029828126
model-a,synthetic/q03,3,1,1,13,0,0.17468316
model-a,synthetic/q03,3,1,1,14,0,0.033904787
model-a,synthetic/q03,3,1,1,15,0,0.032171352
model-a,synthetic/q03,3,1,1,16,0,0.17302085
model-a,synthetic/q03,3,1,1,17,0,0.088391608
model-a,synthetic/q03,3,1,1,18,0,0.32505723
model-a,synthetic/q03,3,1,1,19,0,0.16399263
model-a,synthetic/q03,3,1,1,20,1,0.42896399
model-a,synthetic/q03,3,1,1,21,0,0.30149763
model-a,synthetic/q03,3,1,1,22,1,0.49036523
model-a,synthetic/q03,3,1,1,23,0,0.31791939
model-a,synthetic/q03,3,1,1,24,0,0.22754328
model-a,synthetic/q03,3,1,1,25,0,0.040167926
model-a,synthetic/q03,3,1,1,26,0,0.037846384
model-a,synthetic/q03,3,1,1,27,0,0.2499366
model-a,synthetic/q03,3,1,1,28,0,0.026142876
model-a,synthetic/q03,3,1,1,29,0,0.044187085
model-a,synthetic/q03,3,1,1,30,0,0.25285346
model-a,synthetic/q03,3,1,1,31,0,0.49949589
model-a,synthetic/q03,3,1,1,32,0,0.13232908
model-a,synthetic/q03,3,1,1,33,0,0.21329365
model-a,synthetic/q03,3,1,1,34,0,0.088948925
model-a,synthetic/q03,3,1,1,35,0,0.024686275
model-a,synthetic/q03,3,1,1,36,1,0.77312293
model-a,synthetic/q03,3,1,1,37,0,0.072964812
model-a,synthetic/q03,3,1,1,38,0,0.081128626
model-a,synthetic/q03,3,1,2,0,0,0.25123789
model-a,synthetic/q03,3,1,2,1,0,0.35635478
model-a,synthetic/q03,3,1,2,2,1,0.23525206
model-a,synthetic/q03,3,1,2,3,0,0.23392908
model-a,synthetic/q03,3,1,2,4,1,0.29507181
model-a,synthetic/q03,3,1,2,5,0,0.067681587
model-a,synthetic/q03,3,1,2,6,0,0.039700297
model-a,synthetic/q03,3,1,2,7,0,0.21339462
model-a,synthetic/q03,3,1,2,8,0,0.040271148
model-a,synthetic/q03,3,1,2,9,0,0.010569261
model-a,synthetic/q03,3,1,2,10,1,0.44739002
model-a,synthetic/q03,3,1,2,11,0,0.024712171
model-a,synthetic/q03,3,1,2,12,0,0.25828003
model-a,synthetic/q03,3,1,2,13,0,0.047268215
model-a,synthetic/q03,3,1,2,14,0,0.17184702
model-a,synthetic/q03,3,1,2,15,0,0.057086599
model-a,synthetic/q03,3,1,2,16,0,0.066197916
model-a,synthetic/q03,3,1,2,17,0,0.028214512
model-a,synthetic/q03,3,1,2,18,0,0.25648653
model-a,synthetic/q03,3,1,2,19,0,0.52268331
model-a,synthetic/q03,3,1,2,20,0,0.14795558
model-a,synthetic/q03,3,1,2,21,0,0.38673975
model-a,synthetic/q03,3,1,2,22,0,0.042683236
model-a,synthetic/q03,3,1,2,23,0,0.0082627642
model-a,synthetic/q03,3,1,2,24,0,0.01786586
model-a,synthetic/q03,3,1,2,25,0,0.0520869
model-a,synthetic/q03,3,1,2,26,1,0.58592656
model-a,synthetic/q03,3,1,2,27,0,0.23309543
model-a,synthetic/q03,3,1,2,28,0,0.53637802
model-a,synthetic/q03,3,1,2,29,0,0.19618449
model-a,synthetic/q03,3,1,2,30,0,0.074977407
model-a,synthetic/q03,3,1,2,31,0,0.26153556
model-a,synthetic/q03,3,1,2,32,0,0.11458083
model-a,synthetic/q03,3,1,3,0,0,0.40096135
model-a,synthetic/q03,3,1,3,1,0,0.094289024
model-a,synthetic/q03,3,1,3,2,0,0.069355764
model-a,synthetic/q03,3,1,3,3,0,0.085156424
model-a,synthetic/q03,3,1,3,4,0,0.78420137
model-a,synthetic/q03,3,1,3,5,0,0.096563946
model-a,synthetic/q03,3,1,3,6,0,0.065389092
model-a,synthetic/q03,3,1,3,7,0,0.038691687
model-a,synthetic/q03,3,1,3,8,0,0.33091544
model-a,synthetic/q03,3,1,3,9,0,0.073166083
model-a,synthetic/q03,3,1,3,10,0,0.25811325
model-a,synthetic/q03,3,1,3,11,0,0.16113434
model-a,synthetic/q03,3,1,3,12,0,0.32295568
model-a,synthetic/q03,3,1,3,13,0,0.047365382
model-a,synthetic/q03,3,1,3,14,0,0.10570423
model-a,synthetic/q03,3,1,3,15,0,0.01384261
model-a,synthetic/q03,3,1,3,16,1,0.69764599
model-a,synthetic/q03,3,1,3,17,0,0.33723558
model-a,synthetic/q03,3,1,3,18,0,0.45023013
model-a,synthetic/q03,3,1,3,19,1,0.73991286
model-a,synthetic/q03,3,1,3,20,0,0.30305928
model-a,synthetic/q03,3,1,3,21,0,0.036287633
model-a,synthetic/q03,3,1,3,22,0,0.023058004
model-a,synthetic/q03,3,1,3,23,0,0.15840115
model-a,synthetic/q03,3,1,3,24,0,0.21128034
model-a,synthetic/q03,3,1,3,25,0,0.41448286
model-a,synthetic/q03,3,1,3,26,0,0.12908802
model-a,synthetic/q03,3,1,3,27,1,0.72973152
model-a,synthetic/q03,3,1,3,28,0,0.24264563
model-a,synthetic/q03,3,1,3,29,0,0.34554705
model-a,synthetic/q03,3,1,3,30,0,0.75434251
model-a,synthetic/q03,3,1,3,31,0,0.04044212
model-a,synthetic/q03,3,1,3,32,0,0.30472178
model-a,synthetic/q03,3,1,3,33,1,0.41881841
model-a,synthetic/q03,3,1,3,34,0,0.16601864
model-a,synthetic/q03,3,1,3,35,0,0.64082913
model-a,synthetic/q03,3,1,3,36,0,0.065470238
model-a,synthetic/q03,3,1,3,37,0,0.29532311
model-a,synthetic/q03,3,1,3,38,0,0.76911255
model-a,synthetic/q03,3,1,3,39,0,0.25361236
model-a,synthetic/q03,3,2,0,0,0,0.02124675
model-a,synthetic/q03,3,2,0,1,0,0.13145162
model-a,synthetic/q03,3,2,0,2,1,0.41845997
model-a,synthetic/q03,3,2,0,3,0,0.11720544
model-a,synthetic/q03,3,2,0,4,0,0.28466424
model-a,synthetic/q03,3,2,0,5,0,0.019127171
model-a,synthetic/q03,3,2,0,6,0,0.47284579
model-a,synthetic/q03,3,2,0,7,0,0.11491194
model-a,synthetic/q03,3,2,0,8,0,0.047315005
model-a,synthetic/q03,3,2,0,9,0,0.36222282
model-a,synthetic/q03,3,2,0,10,0,0.085919326
model-a,synthetic/q03,3,2,0,11,0,0.1580705
model-a,synthetic/q03,3,2,0,12,1,0.84678586
model-a,synthetic/q03,3,2,0,13,0,0.057074102
model-a,synthetic/q03,3,2,0,14,0,0.14712401
model-a,synthetic/q03,3,2,0,15,0,0.37902751
model-a,synthetic/q03,3,2,0,16,0,0.14790832
model-a,synthetic/q03,3,2,0,17,0,0.19035359
model-a,synthetic/q03,3,2,0,18,0,0.052590082
model-a,synthetic/q03,3,2,0,19,0,0.46651195
model-a,synthetic/q03,3,2,0,20,0,0.043564118
model-a,synthetic/q03,3,2,0,21,0,0.055953786
model-a,synthetic/q03,3,2,0,22,0,0.14028729
model-a,synthetic/q03,3,2,0,23,0,0.17169733
model-a,synthetic/q03,3,2,0,24,0,0.041779117
model-a,synthetic/q03,3,2,0,25,0,0.46310935
model-a,synthetic/q03,3,2,0,26,0,0.13700727
model-a,synthetic/q03,3,2,0,27,1,0.39519862
model-a,synthetic/q03,3,2,0,28,0,0.19769441
model-a,synthetic/q03,3,2,0,29,0,0.14039727
model-a,synthetic/q03,3,2,1,0,0,0.69845557
model-a,synthetic/q03,3,2,1,1,0,0.13007012
model-a,synthetic/q03,3,2,1,2,0,0.11279144
model-a,synthetic/q03,3,2,1,3,0,0.21463476
model-a,synthetic/q03,3,2,1,4,0,0.086559683
model-a,synthetic/q03,3,2,1,5,1,0.42797738
model-a,synthetic/q03,3,2,1,6,0,0.14645782
model-a,synthetic/q03,3,2,1,7,0,0.14377169
model-a,synthetic/q03,3,2,1,8,0,0.041950088
model-a,synthetic/q03,3,2,1,9,0,0.13175874
model-a,synthetic/q03,3,2,1,10,0,0.29718098
model-a,synthetic/q03,3,2,1,11,0,0.16338441
model-a,synthetic/q03,3,2,1,12,0,0.096252036
model-a,synthetic/q03,3,2,1,13,0,0.043796737
model-a,synthetic/q03,3,2,1,14,0,0.28572652
model-a,synthetic/q03,3,2,1,15,1,0.40165488
model-a,synthetic/q03,3,2,1,16,0,0.24597719
model-a,synthetic/q03,3,2,1,17,0,0.079603261
model-a,synthetic/q03,3,2,1,18,0,0.11646524
model-a,synthetic/q03,3,2,1,19,0,0.02755709
model-a,synthetic/q03,3,2,1,20,0,0.20685232
model-a,synthetic/q03,3,2,1,21,0,0.20899157
model-a,synthetic/q03,3,2,1,22,0,0.12252099
model-a,synthetic/q03,3,2,1,23,0,0.10965964
model-a,synthetic/q03,3,2,1,24,0,0.12122187
model-a,synthetic/q03,3,2,1,25,0,0.015673871
model-a,synthetic/q03,3,2,1,26,0,0.21181608
model-a,synthetic/q03,3,2,1,27,0,0.080913819
model-a,synthetic/q03,3,2,1,28,0,0.052220677
model-a,synthetic/q03,3,2,1,29,1,0.54901066
model-a,synthetic/q03,3,2,2,0,0,0.23060494
model-a,synthetic/q03,3,2,2,1,0,0.35700138
model-a,synthetic/q03,3,2,2,2,0,0.23485283
model-a,synthetic/q03,3,2,2,3,0,0.4307131
model-a,synthetic/q03,3,2,2,4,0,0.021210877
model-a,synthetic/q03,3,2,2,5,0,0.3684158
model-a,synthetic/q03,3,2,2,6,0,0.019019498
model-a,synthetic/q03,3,2,2,7,1,0.5441412
model-a,synthetic/q03,3,2,2,8,0,0.20950886
model-a,synthetic/q03,3,2,2,9,0,0.2378287
model-a,synthetic/q03,3,2,2,10,1,0.64397014
model-a,synthetic/q03,3,2,2,11,0,0.030743152
model-a,synthetic/q03,3,2,2,12,0,0.057316517
model-a,synthetic/q03,3,2,2,13,0,0.39054584
model-a,synthetic/q03,3,2,2,14,0,0.41124729
model-a,synthetic/q03,3,2,2,15,0,0.071704665
model-a,synthetic/q03,3,2,2,16,0,0.24533778
model-a,synthetic/q03,3,2,2,17,0,0.099763174
model-a,synthetic/q03,3,2,2,18,0,0.37638245
model-a,synthetic/q03,3,2,2,19,0,0.22064912
model-a,synthetic/q03,3,2,2,20,0,0.16491929
model-a,synthetic/q03,3,2,2,21,1,0.39046626
model-a,synthetic/q03,3,2,2,22,0,0.3156638
model-a,synthetic/q03,3,2,2,23,0,0.27842049
model-a,synthetic/q03,3,2,2,24,0,0.130486
model-a,synthetic/q03,3,2,2,25,0,0.070840311
model-a,synthetic/q03,3,2,2,26,0,0.22601965
model-a,synthetic/q03,3,2,2,27,0,0.082908547
model-a,synthetic/q03,3,2,2,28,0,0.28609171
model-a,synthetic/q03,3,2,3,0,0,0.10276213
model-a,synthetic/q03,3,2,3,1,0,0.072637806
model-a,synthetic/q03,3,2,3,2,0,0.11989571
model-a,synthetic/q03,3,2,3,3,0,0.072857331
model-a,synthetic/q03,3,2,3,4,0,0.75919595
model-a,synthetic/q03,3,2,3,5,0,0.070367664
model-a,synthetic/q03,3,2,3,6,0,0.46733024
model-a,synthetic/q03,3,2,3,7,0,0.12274712
model-a,synthetic/q03,3,2,3,8,0,0.032183343
model-a,synthetic/q03,3,2,3,9,0,0.042384825
model-a,synthetic/q03,3,2,3,10,0,0.023047811
model-a,synthetic/q03,3,2,3,11,0,0.13101029
model-a,synthetic/q03,3,2,3,12,0,0.088063355
model-a,synthetic/q03,3,2,3,13,0,0.16015438
model-a,synthetic/q03,3,2,3,14,0,0.064340362
model-a,synthetic/q03,3,2,3,15,0,0.19520678
model-a,synthetic/q03,3,2,3,16,0,0.070332579
model-a,synthetic/q03,3,2,3,17,0,0.65276453
model-a,synthetic/q03,3,2,3,18,0,0.10448844
model-a,synthetic/q03,3,2,3,19,0,0.37547567
model-a,synthetic/q03,3,2,3,20,0,0.1595705
model-a,synthetic/q03,3,2,3,21,1,0.84394175
model-a,synthetic/q03,3,2,3,22,0,0.14086962
model-a,synthetic/q03,3,2,3,23,0,0.04578528
model-a,synthetic/q03,3,2,3,24,0,0.12601081
model-a,synthetic/q03,3,2,3,25,1,0.21984552
model-a,synthetic/q03,3,2,3,26,0,0.24879155
model-a,synthetic/q03,3,2,3,27,0,0.067938579
model-a,synthetic/q03,3,2,3,28,0,0.10326723
model-a,synthetic/q03,3,2,3,29,1,0.37257861
model-a,synthetic/q03,3,2,3,30,0,0.054874431
model-a,synthetic/q03,3,2,3,31,1,0.29555878
model-a,synthetic/q03,3,2,3,32,0,0.17513747
model-a,synthetic/q03,3,2,3,33,0,0.15104501
model-a,synthetic/q03,3,2,3,34,0,0.38692605
model-a,synthetic/q03,3,2,3,35,0,0.35748111
model-a,synthetic/q03,3,2,3,36,0,0.10899077
model-a,synthetic/q04,4,0,0,0,0,0.08983589
model-a,synthetic/q04,4,0,0,1,0,0.062303139
model-a,synthetic/q04,4,0,0,2,0,0.38058911
model-a,synthetic/q04,4,0,0,3,0,0.019167002
model-a,synthetic/q04,4,0,0,4,0,0.1070271
model-a,synthetic/q04,4,0,0,5,0,0.033571489
model-a,synthetic/q04,4,0,0,6,1,0.48441207
model-a,synthetic/q04,4,0,0,7,0,0.054272057
model-a,synthetic/q04,4,0,0,8,0,0.050074019
model-a,synthetic/q04,4,0,0,9,0,0.0563684
model-a,synthetic/q04,4,0,0,10,0,0.090327542
model-a,synthetic/q04,4,0,0,11,0,0.11165498
model-a,synthetic/q04,4,0,0,12,0,0.040726716
model-a,synthetic/q04,4,0,0,13,0,0.36667486
model-a,synthetic/q04,4,0,0,14,0,0.24067149
model-a,synthetic/q04,4,0,0,15,0,0.42619224
model-a,synthetic/q04,4,0,0,16,1,0.67889632
model-a,synthetic/q04,4,0,0,17,0,0.050023862
model-a,synthetic/q04,4,0,0,18,0,0.055908204
model-a,synthetic/q04,4,0,0,19,0,0.051105213
model-a,synthetic/q04,4,0,0,20,0,0.046489398
model-a,synthetic/q04,4,0,0,21,0,0.06275605
model-a,synthetic/q04,4,0,0,22,0,0.20226755
model-a,synthetic/q04,4,0,0,23,0,0.061421199
model-a,synthetic/q04,4,0,0,24,1,0.47082574
model-a,synthetic/q04,4,0,0,25,0,0.12408914
model-a,synthetic/q04,4,0,0,26,0,0.21125644
model-a,synthetic/q04,4,0,0,27,0,0.18403461
model-a,synthetic/q04,4,0,0,28,0,0.16565089
model-a,synthetic/q04,4,0,0,29,1,0.27798417
model-a,synthetic/q04,4,0,0,30,0,0.14163386
model-a,synthetic/q04,4,0,0,31,0,0.012718912
model-a,synthetic/q04,4,0,0,32,0,0.063076206
model-a,synthetic/q04,4,0,0,33,0,0.29754686
model-a,synthetic/q04,4,0,1,0,0,0.47644058
model-a,synthetic/q04,4,0,1,1,0,0.12594349
model-a,synthetic/q04,4,0,1,2,0,0.19315276
model-a,synthetic/q04,4,0,1,3,0,0.7215506
model-a,synthetic/q04,4,0,1,4,0,0.3896888
model-a,synthetic/q04,4,0,1,5,0,0.41340944
model-a,synthetic/q04,4,0,1,6,0,0.1339629
model-a,synthetic/q04,4,0,1,7,0,0.20918574
model-a,synthetic/q04,4,0,1,8,0,0.040887311
model-a,synthetic/q04,4,0,1,9,0,0.44001876
model-a,synthetic/q04,4,0,1,10,0,0.13815119
model-a,synthetic/q04,4,0,1,11,0,0.10031224
model-a,synthetic/q04,4,0,1,12,0,0.23887963
model-a,synthetic/q04,4,0,1,13,0,0.23402802
model-a,synthetic/q04,4,0,1,14,0,0.11895083
model-a,synthetic/q04,4,0,1,15,0,0.18128746
model-a,synthetic/q04,4,0,1,16,0,0.066071012
model-a,synthetic/q04,4,0,1,17,0,0.13302775
model-a,synthetic/q04,4,0,1,18,0,0.037023183
model-a,synthetic/q04,4,0,1,19,0,0.29327226
model-a,synthetic/q04,4,0,1,20,1,0.64434183
model-a,synthetic/q04,4,0,1,21,1,0.71502236
model-a,synthetic/q04,4,0,1,22,1,0.53468073
model-a,synthetic/q04,4,0,1,23,0,0.52940841
model-a,synthetic/q04,4,0,1,24,0,0.24910028
model-a,synthetic/q04,4,0,1,25,0,0.23651395
model-a,synthetic/q04,4,0,1,26,0,0.12121064
model-a,synthetic/q04,4,0,1,27,0,0.57682245
model-a,synthetic/q04,4,0,1,28,1,0.66531154
model-a,synthetic/q04,4,0,1,29,0,0.20307066
model-a,synthetic/q04,4,0,1,30,0,0.2730262
model-a,synthetic/q04,4,0,1,31,0,0.090153498
model-a,synthetic/q04,4,0,1,32,0,0.13338506
model-a,synthetic/q04,4,0,1,33,0,0.084799567
model-a,synthetic/q04,4,0,1,34,0,0.50068855
model-a,synthetic/q04,4,0,1,35,0,0.78433505
model-a,synthetic/q04,4,0,1,36,0,0.11059055
model-a,synthetic/q04,4,0,1,37,0,0.28691459
model-a,synthetic/q04,4,0,1,38,0,0.029221825
model-a,synthetic/q04,4,0,1,39,0,0.33245857
model-a,synthetic/q04,4,0,2,0,1,0.4623317
model-a,synthetic/q04,4,0,2,1,0,0.35865699
model-a,synthetic/q04,4,0,2,2,0,0.16395547
model-a,synthetic/q04,4,0,2,3,0,0.08095693
model-a,synthetic/q04,4,0,2,4,0,0.26701007
model-a,synthetic/q04,4,0,2,5,0,0.046623631
model-a,synthetic/q04,4,0,2,6,0,0.51251186
model-a,synthetic/q04,4,0,2,7,0,0.022977819
model-a,synthetic/q04,4,0,2,8,0,0.30165805
model-a,synthetic/q04,4,0,2,9,0,0.034701811
model-a,synthetic/q04,4,0,2,10,1,0.70645301
model-a,synthetic/q04,4,0,2,11,0,0.06814814
model-a,synthetic/q04,4,0,2,12,0,0.1517335
model-a,synthetic/q04,4,0,2,13,1,0.24666112
model-a,synthetic/q04,4,0,2,14,0,0.33991354
model-a,synthetic/q04,4,0,2,15,0,0.10955319
model-a,synthetic/q04,4,0,2,16,0,0.12993058
model-a,synthetic/q04,4,0,2,17,0,0.3264148
model-a,synthetic/q04,4,0,2,18,0,0.056540374
model-a,synthetic/q04,4,0,2,19,0,0.14608068
model-a,synthetic/q04,4,0,2,20,0,0.13058403
model-a,synthetic/q04,4,0,2,21,0,0.41657632
model-a,synthetic/q04,4,0,3,0,0,0.021753658
model-a,synthetic/q04,4,0,3,1,0,0.050098801
model-a,synthetic/q04,4,0,3,2,0,0.013636024
model-a,synthetic/q04,4,0,3,3,1,0.69986728
model-a,synthetic/q04,4,0,3,4,0,0.080455776
model-a,synthetic/q04,4,0,3,5,1,0.33957109
model-a,synthetic/q04,4,0,3,6,0,0.053490271
model-a,synthetic/q04,4,0,3,7,0,0.58668094
model-a,synthetic/q04,4,0,3,8,0,0.023272877
model-a,synthetic/q04,4,0,3,9,0,0.2013228
model-a,synthetic/q04,4,0,3,10,0,0.25661423
model-a,synthetic/q04,4,0,3,11,0,0.16211242
model-a,synthetic/q04,4,0,3,12,0,0.03632992
model-a,synthetic/q04,4,0,3,13,0,0.15204618
model-a,synthetic/q04,4,0,3,14,0,0.44067478
model-a,synthetic/q04,4,0,3,15,0,0.37461602
model-a,synthetic/q04,4,0,3,16,0,0.0099298689
model-a,synthetic/q04,4,0,3,17,0,0.14407426
model-a,synthetic/q04,4,0,3,18,0,0.31120258
model-a,synthetic/q04,4,0,3,19,1,0.72322438
model-a,synthetic/q04,4,0,3,20,0,0.15379044
model-a,synthetic/q04,4,0,3,21,0,0.74870938
model-a,synthetic/q04,4,0,3,22,0,0.005257954
model-a,synthetic/q04,4,0,3,23,0,0.6234061
model-a,synthetic/q04,4,0,3,24,0,0.19695357
model-a,synthetic/q04,4,0,3,25,0,0.13031474
model-a,synthetic/q04,4,0,3,26,0,0.116181
model-a,synthetic/q04,4,0,3,27,0,0.31232327
model-a,synthetic/q04,4,0,3,28,0,0.076659869
model-a,synthetic/q04,4,0,3,29,0,0.32647768
model-a,synthetic/q04,4,1,0,0,0,0.40734994
model-a,synthetic/q04,4,1,0,1,0,0.011166829
model-a,synthetic/q04,4,1,0,2,1,0.69350228
model-a,synthetic/q04,4,1,0,3,0,0.39845266
model-a,synthetic/q04,4,1,0,4,0,0.1150934
model-a,synthetic/q04,4,1,0,5,0,0.51395017
model-a,synthetic/q04,4,1,0,6,0,0.033641233
model-a,synthetic/q04,4,1,0,7,0,0.1666275
model-a,synthetic/q04,4,1,0,8,0,0.058601229
model-a,synthetic/q04,4,1,0,9,0,0.18875757
model-a,synthetic/q04,4,1,0,10,0,0.11407558
model-a,synthetic/q04,4,1,0,11,0,0.46161662
model-a,synthetic/q04,4,1,0,12,0,0.19493203
model-a,synthetic/q04,4,1,0,13,0,0.43537645
model-a,synthetic/q04,4,1,0,14,0,0.41249471
model-a,synthetic/q04,4,1,0,15,0,0.50531265
model-a,synthetic/q04,4,1,0,16,0,0.42456754
model-a,synthetic/q04,4,1,0,17,0,0.013945465
model-a,synthetic/q04,4,1,0,18,0,0.37264391
model-a,synthetic/q04,4,1,0,19,1,0.61251984
model-a,synthetic/q04,4,1,0,20,0,0.10876311
model-a,synthetic/q04,4,1,0,21,1,0.67004384
model-a,synthetic/q04,4,1,0,22,0,0.037928573
model-a,synthetic/q04,4,1,0,23,0,0.20467056
model-a,synthetic/q04,4,1,0,24,0,0.18776571
model-a,synthetic/q04,4,1,0,25,0,0.098333449
model-a,synthetic/q04,4,1,0,26,0,0.070647384
model-a,synthetic/q04,4,1,0,27,0,0.13769235
model-a,synthetic/q04,4,1,0,28,0,0.72797838
model-a,synthetic/q04,4,1,0,29,0,0.5768701
model-a,synthetic/q04,4,1,1,0,0,0.08445827
model-a,synthetic/q04,4,1,1,1,0,0.060323184
model-a,synthetic/q04,4,1,1,2,0,0.17181894
model-a,synthetic/q04,4,1,1,3,1,0.69589332
model-a,synthetic/q04,4,1,1,4,0,0.17373229
model-a,synthetic/q04,4,1,1,5,0,0.17732847
model-a,synthetic/q04,4,1,1,6,0,0.055977513
model-a,synthetic/q04,4,1,1,7,0,0.338105
model-a,synthetic/q04,4,1,1,8,1,0.44460308
model-a,synthetic/q04,4,1,1,9,0,0.1991662
model-a,synthetic/q04,4,1,1,10,0,0.15047412
model-a,synthetic/q04,4,1,1,11,1,0.55680981
model-a,synthetic/q04,4,1,1,12,0,0.071711957
model-a,synthetic/q04,4,1,1,13,0,0.096792755
model-a,synthetic/q04,4,1,1,14,0,0.25583809
model-a,synthetic/q04,4,1,1,15,0,0.16473294
model-a,synthetic/q04,4,1,1,16,1,0.85448558
model-a,synthetic/q04,4,1,1,17,0,0.11649229
model-a,synthetic/q04,4,1,1,18,0,0.22452277
model-a,synthetic/q04,4,1,1,19,0,0.83383361
model-a,synthetic/q04,4,1,1,20,0,0.12138678
model-a,synthetic/q04,4,1,1,21,0,0.32898473
model-a,synthetic/q04,4,1,1,22,0,0.14134117
model-a,synthetic/q04,4,1,1,23,0,0.30545189
model-a,synthetic/q04,4,1,1,24,0,0.4114264
model-a,synthetic/q04,4,1,1,25,0,0.45361331
model-a,synthetic/q04,4,1,1,26,0,0.11335191
model-a,synthetic/q04,4,1,1,27,0,0.46880375
model-a,synthetic/q04,4,1,1,28,0,0.019112742
model-a,synthetic/q04,4,1,1,29,0,0.041246001
model-a,synthetic/q04,4,1,1,30,0,0.30248306
model-a,synthetic/q04,4,1,1,31,0,0.18979859
model-a,synthetic/q04,4,1,1,32,0,0.43684826
model-a,synthetic/q04,4,1,1,33,0,0.21596844
model-a,synthetic/q04,4,1,1,34,0,0.61855877
model-a,synthetic/q04,4,1,1,35,0,0.095323006
model-a,synthetic/q04,4,1,1,36,0,0.071855959
model-a,synthetic/q04,4,1,1,37,0,0.36341265
model-a,synthetic/q04,4,1,1,38,0,0.61432197
model-a,synthetic/q04,4,1,1,39,0,0.28819479
model-a,synthetic/q04,4,1,2,0,0,0.082824492
model-a,synthetic/q04,4,1,2,1,1,0.55404435
model-a,synthetic/q04,4,1,2,2,0,0.066277925
model-a,synthetic/q04,4,1,2,3,1,0.53946027
model-a,synthetic/q04,4,1,2,4,0,0.41641246
model-a,synthetic/q04,4,1,2,5,0,0.019199712
model-a,synthetic/q04,4,1,2,6,0,0.021840037
model-a,synthetic/q04,4,1,2,7,0,0.32055868
model-a,synthetic/q04,4,1,2,8,1,0.65176327
model-a,synthetic/q04,4,1,2,9,0,0.18356184
model-a,synthetic/q04,4,1,2,10,0,0.33506661
model-a,synthetic/q04,4,1,2,11,0,0.59680364
model-a,synthetic/q04,4,1,2,12,0,0.066039283
model-a,synthetic/q04,4,1,2,13,0,0.29044632
model-a,synthetic/q04,4,1,2,14,0,0.1164198
model-a,synthetic/q04,4,1,2,15,0,0.18022845
model-a,synthetic/q04,4,1,2,16,0,0.034333547
model-a,synthetic/q04,4,1,2,17,0,0.35605238
model-a,synthetic/q04,4,1,2,18,0,0.23553605
model-a,synthetic/q04,4,1,2,19,0,0.63221245
model-a,synthetic/q04,4,1,2,20,0,0.14417172
model-a,synthetic/q04,4,1,2,21,0,0.025607017
model-a,synthetic/q04,4,1,2,22,0,0.017242805
model-a,synthetic/q04,4,1,2,23,0,0.1047411
model-a,synthetic/q04,4,1,2,24,0,0.12068135
model-a,synthetic/q04,4,1,2,25,0,0.032344488
model-a,synthetic/q04,4,1,2,26,0,0.14158868
model-a,synthetic/q04,4,1,2,27,0,0.037402066
model-a,synthetic/q04,4,1,2,28,0,0.39072961
model-a,synthetic/q04,4,1,2,29,0,0.52663317
model-a,synthetic/q04,4,1,3,0,0,0.65919041
model-a,synthetic/q04,4,1,3,1,0,0.31909084
model-a,synthetic/q04,4,1,3,2,0,0.31090605
model-a,synthetic/q04,4,1,3,3,0,0.10389965
model-a,synthetic/q04,4,1,3,4,0,0.12626028
model-a,synthetic/q04,4,1,3,5,0,0.20662705
model-a,synthetic/q04,4,1,3,6,0,0.23175653
model-a,synthetic/q04,4,1,3,7,1,0.50662128
model-a,synthetic/q04,4,1,3,8,0,0.35686496
model-a,synthetic/q04,4,1,3,9,0,0.40302244
model-a,synthetic/q04,4,1,3,10,0,0.047789312
model-a,synthetic/q04,4,1,3,11,0,0.098808048
model-a,synthetic/q04,4,1,3,12,0,0.7270517
model-a,synthetic/q04,4,1,3,13,0,0.033249984
model-a,synthetic/q04,4,1,3,14,0,0.037069381
model-a,synthetic/q04,4,1,3,15,1,0.91314907
model-a,synthetic/q04,4,1,3,16,0,0.24743709
model-a,synthetic/q04,4,1,3,17,0,0.066722076
model-a,synthetic/q04,4,1,3,18,1,0.74449618
model-a,synthetic/q04,4,1,3,19,0,0.34089355
model-a,synthetic/q04,4,1,3,20,0,0.033822576
model-a,synthetic/q04,4,1,3,21,0,0.22392069
model-a,synthetic/q04,4,1,3,22,0,0.3116382
model-a,synthetic/q04,4,1,3,23,0,0.039706148
model-a,synthetic/q04,4,1,3,24,0,0.13373888
model-a,synthetic/q04,4,1,3,25,0,0.086310069
model-a,synthetic/q04,4,1,3,26,0,0.22591377
model-a,synthetic/q04,4,1,3,27,0,0.046439413
model-a,synthetic/q04,4,1,3,28,0,0.41641066
model-a,synthetic/q04,4,1,3,29,0,0.071818344
model-a,synthetic/q04,4,1,3,30,0,0.082441033
model-a,synthetic/q04,4,1,3,31,1,0.6683794
model-a,synthetic/q04,4,2,0,0,0,0.060765354
model-a,synthetic/q04,4,2,0,1,0,0.59274164
model-a,synthetic/q04,4,2,0,2,0,0.36424759
model-a,synthetic/q04,4,2,0,3,0,0.23966027
model-a,synthetic/q04,4,2,0,4,0,0.48461599
model-a,synthetic/q04,4,2,0,5,0,0.54460664
model-a,synthetic/q04,4,2,0,6,1,0.73013684
model-a,synthetic/q04,4,2,0,7,0,0.062133759
model-a,synthetic/q04,4,2,0,8,0,0.14597358
model-a,synthetic/q04,4,2,0,9,0,0.15358092
model-a,synthetic/q04,4,2,0,10,0,0.1240348
model-a,synthetic/q04,4,2,0,11,0,0.11932234
model-a,synthetic/q04,4,2,0,12,0,0.035113901
model-a,synthetic/q04,4,2,0,13,0,0.32050887
model-a,synthetic/q04,4,2,0,14,0,0.10793339
model-a,synthetic/q04,4,2,0,15,0,0.12227878
model-a,synthetic/q04,4,2,0,16,0,0.042285794
model-a,synthetic/q04,4,2,0,17,0,0.14086115
model-a,synthetic/q04,4,2,0,18,0,0.19507185
model-a,synthetic/q04,4,2,0,19,0,0.018841368
model-a,synthetic/q04,4,2,0,20,1,0.67103009
model-a,synthetic/q04,4,2,0,21,0,0.035540464
model-a,synthetic/q04,4,2,0,22,1,0.8197933
model-a,synthetic/q04,4,2,0,23,0,0.035116286
model-a,synthetic/q04,4,2,0,24,0,0.42785378
model-a,synthetic/q04,4,2,0,25,0,0.22263678
model-a,synthetic/q04,4,2,0,26,0,0.09424895
model-a,synthetic/q04,4,2,0,27,0,0.031193786
model-a,synthetic/q04,4,2,0,28,0,0.21548865
model-a,synthetic/q04,4,2,0,29,1,0.17242449
model-a,synthetic/q04,4,2,0,30,0,0.36641854
model-a,synthetic/q04,4,2,1,0,0,0.047570539
model-a,synthetic/q04,4,2,1,1,0,0.15143969
model-a,synthetic/q04,4,2,1,2,1,0.52709135
model-a,synthetic/q04,4,2,1,3,0,0.12798245
model-a,synthetic/q04,4,2,1,4,0,0.067067905
model-a,synthetic/q04,4,2,1,5,0,0.025845066
model-a,synthetic/q04,4,2,1,6,0,0.072004615
model-a,synthetic/q04,4,2,1,7,0,0.19481721
model-a,synthetic/q04,4,2,1,8,0,0.084953942
model-a,synthetic/q04,4,2,1,9,0,0.10532253
model-a,synthetic/q04,4,2,1,10,0,0.088934101
model-a,synthetic/q04,4,2,1,11,0,0.03364472
model-a,synthetic/q04,4,2,1,12,1,0.4798957
model-a,synthetic/q04,4,2,1,13,0,0.237327
model-a,synthetic/q04,4,2,1,14,0,0.34865218
model-a,synthetic/q04,4,2,1,15,0,0.46941852
model-a,synthetic/q04,4,2,1,16,1,0.5202287
model-a,synthetic/q04,4,2,1,17,0,0.14334827
model-a,synthetic/q04,4,2,1,18,0,0.079501384
model-a,synthetic/q04,4,2,1,19,0,0.24049877
model-a,synthetic/q04,4,2,1,20,0,0.21257573
model-a,synthetic/q04,4,2,1,21,0,0.19904321
model-a,synthetic/q04,4,2,1,22,0,0.64202628
model-a,synthetic/q04,4,2,1,23,0,0.18816112
model-a,synthetic/q04,4,2,1,24,0,0.036880196
model-a,synthetic/q04,4,2,1,25,0,0.13501243
model-a,synthetic/q04,4,2,2,0,1,0.7809377
model-a,synthetic/q04,4,2,2,1,0,0.069870342
model-a,synthetic/q04,4,2,2,2,0,0.12637376
model-a,synthetic/q04,4,2,2,3,0,0.21433912
model-a,synthetic/q04,4,2,2,4,0,0.093343263
model-a,synthetic/q04,4,2,2,5,0,0.27211436
model-a,synthetic/q04,4,2,2,6,0,0.2727737
model-a,synthetic/q04,4,2,2,7,0,0.24199728
model-a,synthetic/q04,4,2,2,8,0,0.11221848
model-a,synthetic/q04,4,2,2,9,0,0.13841848
model-a,synthetic/q04,4,2,2,10,0,0.024377692
model-a,synthetic/q04,4,2,2,11,0,0.17581033
model-a,synthetic/q04,4,2,2,12,0,0.27048903
model-a,synthetic/q04,4,2,2,13,1,0.24372481
model-a,synthetic/q04,4,2,2,14,1,0.51187554
model-a,synthetic/q04,4,2,2,15,0,0.062466725
model-a,synthetic/q04,4,2,2,16,0,0.2692239
model-a,synthetic/q04,4,2,2,17,0,0.075468854
model-a,synthetic/q04,4,2,2,18,0,0.17956467
model-a,synthetic/q04,4,2,2,19,0,0.084986353
model-a,synthetic/q04,4,2,2,20,0,0.080170876
model-a,synthetic/q04,4,2,2,21,0,0.24247652
model-a,synthetic/q04,4,2,2,22,0,0.050954897
model-a,synthetic/q04,4,2,2,23,0,0.26731369
model-a,synthetic/q04,4,2,2,24,0,0.15954623
model-a,synthetic/q04,4,2,2,25,0,0.41089946
model-a,synthetic/q04,4,2,2,26,1,0.30951121
model-a,synthetic/q04,4,2,2,27,0,0.48545913
model-a,synthetic/q04,4,2,2,28,0,0.35315002
model-a,synthetic/q04,4,2,2,29,0,0.03362056
model-a,synthetic/q04,4,2,2,30,0,0.077719769
model-a,synthetic/q04,4,2,2,31,0,0.093575653
model-a,synthetic/q04,4,2,2,32,0,0.065655472
model-a,synthetic/q04,4,2,2,33,0,0.26077024
model-a,synthetic/q04,4,2,2,34,0,0.14801191
model-a,synthetic/q04,4,2,3,0,0,0.28439144
model-a,synthetic/q04,4,2,3,1,0,0.11536278
model-a,synthetic/q04,4,2,3,2,1,0.59688193
model-a,synthetic/q04,4,2,3,3,0,0.45671487
model-a,synthetic/q04,4,2,3,4,0,0.035891355
model-a,synthetic/q04,4,2,3,5,0,0.20975738
model-a,synthetic/q04,4,2,3,6,0,0.25432084
model-a,synthetic/q04,4,2,3,7,0,0.37433803
model-a,synthetic/q04,4,2,3,8,0,0.14474492
model-a,synthetic/q04,4,2,3,9,1,0.22197024
model-a,synthetic/q04,4,2,3,10,0,0.11567418
model-a,synthetic/q04,4,2,3,11,0,0.007020226
model-a,synthetic/q04,4,2,3,12,0,0.18973828
model-a,synthetic/q04,4,2,3,13,0,0.64982579
model-a,synthetic/q04,4,2,3,14,0,0.086972987
model-a,synthetic/q04,4,2,3,15,0,0.14341909
model-a,synthetic/q04,4,2,3,16,0,0.28257838
model-a,synthetic/q04,4,2,3,17,1,0.80032431
model-a,synthetic/q04,4,2,3,18,0,0.10591264
model-a,synthetic/q04,4,2,3,19,0,0.15780188
model-a,synthetic/q04,4,2,3,20,0,0.059394395
model-a,synthetic/q04,4,2,3,21,0,0.14312331
model-a,synthetic/q04,4,2,3,22,0,0.098613808
model-a,synthetic/q04,4,2,3,23,0,0.2015297
model-a,synthetic/q04,4,2,3,24,0,0.050518226
model-a,synthetic/q04,4,2,3,25,0,0.030876426
model-a,synthetic/q04,4,2,3,26,0,0.047944566
model-a,synthetic/q04,4,2,3,27,0,0.40145601
model-a,synthetic/q04,4,2,3,28,0,0.80900926
model-a,synthetic/q04,4,2,3,29,1,0.30404146
model-a,synthetic/q04,4,2,3,30,0,0.267885
model-a,synthetic/q05,5,0,0,0,0,0.28324898
model-a,synthetic/q05,5,0,0,1,1,0.25126882
model-a,synthetic/q05,5,0,0,2,0,0.41576129
model-a,synthetic/q05,5,0,0,3,0,0.15800265
model-a,synthetic/q05,5,0,0,4,0,0.05034945
model-a,synthetic/q05,5,0,0,5,0,0.20095714
model-a,synthetic/q05,5,0,0,6,0,0.16808035
model-a,synthetic/q05,5,0,0,7,0,0.059774509
model-a,synthetic/q05,5,0,0,8,0,0.014295693
model-a,synthetic/q05,5,0,0,9,0,0.06281837
model-a,synthetic/q05,5,0,0,10,0,0.078755527
model-a,synthetic/q05,5,0,0,11,0,0.035408236
model-a,synthetic/q05,5,0,0,12,1,0.45560853
model-a,synthetic/q05,5,0,0,13,0,0.044548244
model-a,synthetic/q05,5,0,0,14,0,0.055374344
model-a,synthetic/q05,5,0,0,15,0,0.14859961
model-a,synthetic/q05,5,0,0,16,0,0.090111241
model-a,synthetic/q05,5,0,0,17,0,0.24895033
model-a,synthetic/q05,5,0,0,18,0,0.34484692
model-a,synthetic/q05,5,0,0,19,0,0.070245702
model-a,synthetic/q05,5,0,0,20,0,0.15542768
model-a,synthetic/q05,5,0,0,21,0,0.1958538
model-a,synthetic/q05,5,0,0,22,1,0.51657393
model-a,synthetic/q05,5,0,0,23,0,0.17511636
model-a,synthetic/q05,5,0,0,24,0,0.17993672
model-a,synthetic/q05,5,0,0,25,0,0.21599885
model-a,synthetic/q05,5,0,1,0,0,0.12455005
model-a,synthetic/q05,5,0,1,1,0,0.21685574
model-a,synthetic/q05,5,0,1,2,1,0.266128
model-a,synthetic/q05,5,0,1,3,0,0.096479189
model-a,synthetic/q05,5,0,1,4,0,0.52673022
model-a,synthetic/q05,5,0,1,5,0,0.3236285
model-a,synthetic/q05,5,0,1,6,0,0.051665136
model-a,synthetic/q05,5,0,1,7,0,0.07871976
model-a,synthetic/q05,5,0,1,8,0,0.049267946
model-a,synthetic/q05,5,0,1,9,0,0.11209279
model-a,synthetic/q05,5,0,1,10,0,0.15056616
model-a,synthetic/q05,5,0,1,11,0,0.017619117
model-a,synthetic/q05,5,0,1,12,0,0.22636264
model-a,synthetic/q05,5,0,1,13,0,0.44303445
model-a,synthetic/q05,5,0,1,14,1,0.31779553
model-a,synthetic/q05,5,0,1,15,0,0.19380015
model-a,synthetic/q05,5,0,1,16,0,0.098219142
model-a,synthetic/q05,5,0,1,17,0,0.18132947
model-a,synthetic/q05,5,0,1,18,0,0.19563402
model-a,synthetic/q05,5,0,1,19,0,0.070357577
model-a,synthetic/q05,5,0,2,0,0,0.042955709
model-a,synthetic/q05,5,0,2,1,0,0.46102883
model-a,synthetic/q05,5,0,2,2,0,0.086506614
model-a,synthetic/q05,5,0,2,3,0,0.60725418
model-a,synthetic/q05,5,0,2,4,1,0.63786134
model-a,synthetic/q05,5,0,2,5,0,0.24070198
model-a,synthetic/q05,5,0,2,6,0,0.17347078
model-a,synthetic/q05,5,0,2,7,0,0.28068677
model-a,synthetic/q05,5,0,2,8,0,0.15918025
model-a,synthetic/q05,5,0,2,9,0,0.59759836
model-a,synthetic/q05,5,0,2,10,0,0.38951314
model-a,synthetic/q05,5,0,2,11,1,0.44086297
model-a,synthetic/q05,5,0,2,12,0,0.11926235
model-a,synthetic/q05,5,0,2,13,0,0.22605124
model-a,synthetic/q05,5,0,2,14,1,0.55859862
model-a,synthetic/q05,5,0,2,15,1,0.8023352
model-a,synthetic/q05,5,0,2,16,0,0.15580386
model-a,synthetic/q05,5,0,2,17,0,0.37896121
model-a,synthetic/q05,5,0,2,18,0,0.3150511
model-a,synthetic/q05,5,0,2,19,0,0.28135895
model-a,synthetic/q05,5,0,2,20,0,0.06590725
model-a,synthetic/q05,5,0,2,21,0,0.3534638
model-a,synthetic/q05,5,0,2,22,0,0.25829704
model-a,synthetic/q05,5,0,2,23,0,0.095323951
model-a,synthetic/q05,5,0,2,24,0,0.68763926
model-a,synthetic/q05,5,0,2,25,0,0.14331011
model-a,synthetic/q05,5,0,2,26,0,0.413514
model-a,synthetic/q05,5,0,2,27,0,0.20903401
model-a,synthetic/q05,5,0,2,28,0,0.86465938
model-a,synthetic/q05,5,0,2,29,0,0.070338717
model-a,synthetic/q05,5,0,2,30,0,0.12185293
model-a,synthetic/q05,5,0,2,31,0,0.035622888
model-a,synthetic/q05,5,0,2,32,0,0.1374191
model-a,synthetic/q05,5,0,3,0,1,0.65819644
model-a,synthetic/q05,5,0,3,1,0,0.041319542
model-a,synthetic/q05,5,0,3,2,0,0.071715307
model-a,synthetic/q05,5,0,3,3,0,0.078881319
model-a,synthetic/q05,5,0,3,4,0,0.19302606
model-a,synthetic/q05,5,0,3,5,0,0.57465284
model-a,synthetic/q05,5,0,3,6,0,0.28751333
model-a,synthetic/q05,5,0,3,7,0,0.66056649
model-a,synthetic/q05,5,0,3,8,0,0.10982612
model-a,synthetic/q05,5,0,3,9,0,0.043158945
model-a,synthetic/q05,5,0,3,10,0,0.10846947
model-a,synthetic/q05,5,0,3,11,0,0.019401021
model-a,synthetic/q05,5,0,3,12,0,0.23984066
model-a,synthetic/q05,5,0,3,13,0,0.52879745
model-a,synthetic/q05,5,0,3,14,0,0.035983164
model-a,synthetic/q05,5,0,3,15,0,0.79696339
model-a,synthetic/q05,5,0,3,16,1,0.58913137
model-a,synthetic/q05,5,0,3,17,0,0.02280238
model-a,synthetic/q05,5,0,3,18,0,0.56258452
model-a,synthetic/q05,5,0,3,19,0,0.19386459
model-a,synthetic/q05,5,0,3,20,0,0.047412098
model-a,synthetic/q05,5,0,3,21,0,0.19263193
model-a,synthetic/q05,5,0,3,22,1,0.48317759
model-a,synthetic/q05,5,0,3,23,0,0.63225446
model-a,synthetic/q05,5,0,3,24,0,0.16034334
model-a,synthetic/q05,5,0,3,25,0,0.53565187
model-a,synthetic/q05,5,0,3,26,0,0.029918778
model-a,synthetic/q05,5,0,3,27,0,0.43394194
model-a,synthetic/q05,5,0,3,28,0,0.1109754
model-a,synthetic/q05,5,1,0,0,0,0.26617865
model-a,synthetic/q05,5,1,0,1,0,0.28918369
model-a,synthetic/q05,5,1,0,2,1,0.72263534
model-a,synthetic/q05,5,1,0,3,0,0.52594294
model-a,synthetic/q05,5,1,0,4,0,0.27425602
model-a,synthetic/q05,5,1,0,5,1,0.78922034
model-a,synthetic/q05,5,1,0,6,0,0.021298826
model-a,synthetic/q05,5,1,0,7,0,0.37624869
model-a,synthetic/q05,5,1,0,8,0,0.097334393
model-a,synthetic/q05,5,1,0,9,0,0.15257573
model-a,synthetic/q05,5,1,0,10,0,0.33535201
model-a,synthetic/q05,5,1,0,11,0,0.32041963
model-a,synthetic/q05,5,1,0,12,0,0.2738627
model-a,synthetic/q05,5,1,0,13,0,0.15273366
model-a,synthetic/q05,5,1,0,14,0,0.036475475
model-a,synthetic/q05,5,1,0,15,0,0.16812106
model-a,synthetic/q05,5,1,0,16,0,0.40170311
model-a,synthetic/q05,5,1,0,17,0,0.10957473
model-a,synthetic/q05,5,1,0,18,1,0.89240476
model-a,synthetic/q05,5,1,0,19,0,0.27010024
model-a,synthetic/q05,5,1,0,20,0,0.030955475
model-a,synthetic/q05,5,1,0,21,0,0.033091346
model-a,synthetic/q05,5,1,0,22,0,0.27671824
model-a,synthetic/q05,5,1,0,23,0,0.10188952
model-a,synthetic/q05,5,1,0,24,0,0.2216057
model-a,synthetic/q05,5,1,0,25,0,0.1645602
model-a,synthetic/q05,5,1,0,26,0,0.27040854
model-a,synthetic/q05,5,1,0,27,0,0.26559145
model-a,synthetic/q05,5,1,0,28,0,0.3657347
model-a,synthetic/q05,5,1,0,29,0,0.068018486
model-a,synthetic/q05,5,1,0,30,1,0.41146465
model-a,synthetic/q05,5,1,0,31,0,0.29567216
model-a,synthetic/q05,5,1,1,0,0,0.03803592
model-a,synthetic/q05,5,1,1,1,1,0.77668069
model-a,synthetic/q05,5,1,1,2,0,0.12675463
model-a,synthetic/q05,5,1,1,3,1,0.27573235
model-a,synthetic/q05,5,1,1,4,0,0.21248414
model-a,synthetic/q05,5,1,1,5,0,0.092653428
model-a,synthetic/q05,5,1,1,6,1,0.60092115
model-a,synthetic/q05,5,1,1,7,0,0.24051527
model-a,synthetic/q05,5,1,1,8,0,0.062368588
model-a,synthetic/q05,5,1,1,9,0,0.24981322
model-a,synthetic/q05,5,1,1,10,0,0.078586244
model-a,synthetic/q05,5,1,1,11,0,0.21267275
model-a,synthetic/q05,5,1,1,12,0,0.5765368
model-a,synthetic/q05,5,1,1,13,0,0.037048776
model-a,synthetic/q05,5,1,1,14,0,0.20952982
model-a,synthetic/q05,5,1,1,15,0,0.21388464
model-a,synthetic/q05,5,1,1,16,0,0.04745771
model-a,synthetic/q05,5,1,1,17,0,0.035454554
model-a,synthetic/q05,5,1,1,18,0,0.4767097
model-a,synthetic/q05,5,1,1,19,0,0.27876567
model-a,synthetic/q05,5,1,1,20,0,0.20237626
model-a,synthetic/q05,5,1,1,21,0,0.7535948
model-a,synthetic/q05,5,1,1,22,0,0.54845454
model-a,synthetic/q05,5,1,1,23,0,0.039875755
model-a,synthetic/q05,5,1,1,24,0,0.023780502
model-a,synthetic/q05,5,1,1,25,0,0.015561667
model-a,synthetic/q05,5,1,1,26,0,0.10233543
model-a,synthetic/q05,5,1,1,27,0,0.070222909
model-a,synthetic/q05,5,1,1,28,1,0.80819484
model-a,synthetic/q05,5,1,1,29,0,0.13267562
model-a,synthetic/q05,5,1,1,30,0,0.1370189
model-a,synthetic/q05,5,1,2,0,0,0.31362679
model-a,synthetic/q05,5,1,2,1,0,0.36953725
model-a,synthetic/q05,5,1,2,2,0,0.043062376
model-a,synthetic/q05,5,1,2,3,0,0.11982775
model-a,synthetic/q05,5,1,2,4,0,0.23693844
model-a,synthetic/q05,5,1,2,5,0,0.062614548
model-a,synthetic/q05,5,1,2,6,0,0.63747459
model-a,synthetic/q05,5,1,2,7,0,0.096286247
model-a,synthetic/q05,5,1,2,8,0,0.7223067
model-a,synthetic/q05,5,1,2,9,0,0.12681725
model-a,synthetic/q05,5,1,2,10,0,0.27793163
model-a,synthetic/q05,5,1,2,11,0,0.26062519
model-a,synthetic/q05,5,1,2,12,1,0.5033304
model-a,synthetic/q05,5,1,2,13,0,0.054280673
model-a,synthetic/q05,5,1,2,14,0,0.085592954
model-a,synthetic/q05,5,1,2,15,0,0.05916486
model-a,synthetic/q05,5,1,2,16,1,0.10854522
model-a,synthetic/q05,5,1,2,17,0,0.24136191
model-a,synthetic/q05,5,1,2,18,0,0.65169122
model-a,synthetic/q05,5,1,2,19,1,0.56711668
model-a,synthetic/q05,5,1,2,20,0,0.10651327
model-a,synthetic/q05,5,1,2,21,0,0.46756954
model-a,synthetic/q05,5,1,2,22,0,0.062246075
model-a,synthetic/q05,5,1,2,23,0,0.1400966
model-a,synthetic/q05,5,1,2,24,0,0.16874145
model-a,synthetic/q05,5,1,2,25,0,0.049297433
model-a,synthetic/q05,5,1,2,26,0,0.21483039
model-a,synthetic/q05,5,1,3,0,0,0.048053508
model-a,synthetic/q05,5,1,3,1,0,0.14305139
model-a,synthetic/q05,5,1,3,2,0,0.11943072
model-a,synthetic/q05,5,1,3,3,0,0.034391316
model-a,synthetic/q05,5,1,3,4,0,0.15829944
model-a,synthetic/q05,5,1,3,5,1,0.13467975
model-a,synthetic/q05,5,1,3,6,0,0.014546284
model-a,synthetic/q05,5,1,3,7,0,0.29251374
model-a,synthetic/q05,5,1,3,8,1,0.48904629
model-a,synthetic/q05,5,1,3,9,0,0.39729072
model-a,synthetic/q05,5,1,3,10,0,0.15335336
model-a,synthetic/q05,5,1,3,11,0,0.32506387
model-a,synthetic/q05,5,1,3,12,0,0.17767178
model-a,synthetic/q05,5,1,3,13,0,0.038581757
model-a,synthetic/q05,5,1,3,14,0,0.18245867
model-a,synthetic/q05,5,1,3,15,0,0.21627723
model-a,synthetic/q05,5,1,3,16,0,0.15033802
model-a,synthetic/q05,5,1,3,17,0,0.20545544
model-a,synthetic/q05,5,1,3,18,0,0.086793382
model-a,synthetic/q05,5,1,3,19,0,0.040684897
model-a,synthetic/q05,5,1,3,20,0,0.10013698
model-a,synthetic/q05,5,1,3,21,1,0.3274304
model-a,synthetic/q05,5,2,0,0,0,0.29118174
model-a,synthetic/q05,5,2,0,1,1,0.46002258
model-a,synthetic/q05,5,2,0,2,0,0.4701826
model-a,synthetic/q05,5,2,0,3,0,0.12172196
model-a,synthetic/q05,5,2,0,4,0,0.04214445
model-a,synthetic/q05,5,2,0,5,0,0.036576597
model-a,synthetic/q05,5,2,0,6,0,0.50760386
model-a,synthetic/q05,5,2,0,7,0,0.65495626
model-a,synthetic/q05,5,2,0,8,0,0.14720323
model-a,synthetic/q05,5,2,0,9,1,0.57327434
model-a,synthetic/q05,5,2,0,10,0,0.27201748
model-a,synthetic/q05,5,2,0,11,0,0.17052604
model-a,synthetic/q05,5,2,0,12,0,0.71682043
model-a,synthetic/q05,5,2,0,13,0,0.064388863
model-a,synthetic/q05,5,2,0,14,0,0.048927601
model-a,synthetic/q05,5,2,0,15,0,0.1111246
model-a,synthetic/q05,5,2,0,16,0,0.088499195
model-a,synthetic/q05,5,2,0,17,0,0.16089295
model-a,synthetic/q05,5,2,0,18,0,0.068895156
model-a,synthetic/q05,5,2,0,19,0,0.58421604
model-a,synthetic/q05,5,2,0,20,0,0.14735149
model-a,synthetic/q05,5,2,0,21,0,0.22807093
model-a,synthetic/q05,5,2,0,22,0,0.50749156
model-a,synthetic/q05,5,2,0,23,0,0.4993655
model-a,synthetic/q05,5,2,0,24,1,0.74446755
model-a,synthetic/q05,5,2,1,0,0,0.35938312
model-a,synthetic/q05,5,2,1,1,0,0.15405986
model-a,synthetic/q05,5,2,1,2,0,0.31666001
model-a,synthetic/q05,5,2,1,3,0,0.058033542
model-a,synthetic/q05,5,2,1,4,0,0.12830869
model-a,synthetic/q05,5,2,1,5,0,0.34031743
model-a,synthetic/q05,5,2,1,6,0,0.17714842
model-a,synthetic/q05,5,2,1,7,0,0.083463262
model-a,synthetic/q05,5,2,1,8,0,0.6640592
model-a,synthetic/q05,5,2,1,9,0,0.050446849
model-a,synthetic/q05,5,2,1,10,0,0.76233318
model-a,synthetic/q05,5,2,1,11,1,0.79815412
model-a,synthetic/q05,5,2,1,12,0,0.042463801
model-a,synthetic/q05,5,2,1,13,0,0.64042722
model-a,synthetic/q05,5,2,1,14,0,0.14317447
model-a,synthetic/q05,5,2,1,15,0,0.56813653
model-a,synthetic/q05,5,2,1,16,0,0.25299643
model-a,synthetic/q05,5,2,1,17,0,0.29639126
model-a,synthetic/q05,5,2,1,18,0,0.25680132
model-a,synthetic/q05,5,2,1,19,0,0.04647303
model-a,synthetic/q05,5,2,1,20,1,0.75861545
model-a,synthetic/q05,5,2,1,21,0,0.1214362
model-a,synthetic/q05,5,2,1,22,0,0.038727205
model-a,synthetic/q05,5,2,1,23,0,0.07228596
model-a,synthetic/q05,5,2,1,24,0,0.057699291
model-a,synthetic/q05,5,2,1,25,0,0.482236
model-a,synthetic/q05,5,2,1,26,0,0.037874417
model-a,synthetic/q05,5,2,1,27,0,0.08854725
model-a,synthetic/q05,5,2,1,28,0,0.28784929
model-a,synthetic/q05,5,2,1,29,0,0.061106552
model-a,synthetic/q05,5,2,1,30,0,0.30513223
model-a,synthetic/q05,5,2,1,31,0,0.51524508
model-a,synthetic/q05,5,2,1,32,1,0.79920092
model-a,synthetic/q05,5,2,1,33,1,0.72600319
model-a,synthetic/q05,5,2,1,34,0,0.15360515
model-a,synthetic/q05,5,2,1,35,0,0.14330601
model-a,synthetic/q05,5,2,1,36,0,0.059288627
model-a,synthetic/q05,5,2,1,37,0,0.20288124
model-a,synthetic/q05,5,2,1,38,0,0.048422857
model-a,synthetic/q05,5,2,2,0,0,0.052614066
model-a,synthetic/q05,5,2,2,1,0,0.77279108
model-a,synthetic/q05,5,2,2,2,0,0.014671243
model-a,synthetic/q05,5,2,2,3,0,0.22278677
model-a,synthetic/q05,5,2,2,4,1,0.62126789
model-a,synthetic/q05,5,2,2,5,0,0.45377273
model-a,synthetic/q05,5,2,2,6,0,0.38727379
model-a,synthetic/q05,5,2,2,7,0,0.051797573
model-a,synthetic/q05,5,2,2,8,0,0.024745266
model-a,synthetic/q05,5,2,2,9,0,0.20563464
model-a,synthetic/q05,5,2,2,10,0,0.24179005
model-a,synthetic/q05,5,2,2,11,0,0.54126923
model-a,synthetic/q05,5,2,2,12,1,0.35703326
model-a,synthetic/q05,5,2,2,13,0,0.34912143
model-a,synthetic/q05,5,2,2,14,0,0.03686574
model-a,synthetic/q05,5,2,2,15,0,0.11129055
model-a,synthetic/q05,5,2,2,16,0,0.010718991
model-a,synthetic/q05,5,2,2,17,0,0.11330541
model-a,synthetic/q05,5,2,2,18,0,0.087837156
model-a,synthetic/q05,5,2,2,19,0,0.057508338
model-a,synthetic/q05,5,2,2,20,0,0.68643053
model-a,synthetic/q05,5,2,2,21,0,0.19675329
model-a,synthetic/q05,5,2,2,22,0,0.30666917
model-a,synthetic/q05,5,2,2,23,0,0.13957402
model-a,synthetic/q05,5,2,2,24,1,0.34681875
model-a,synthetic/q05,5,2,2,25,0,0.18271079
model-a,synthetic/q05,5,2,2,26,0,0.6029094
model-a,synthetic/q05,5,2,2,27,0,0.42811011
model-a,synthetic/q05,5,2,3,0,0,0.24566185
model-a,synthetic/q05,5,2,3,1,0,0.03918663
model-a,synthetic/q05,5,2,3,2,0,0.2576224
model-a,synthetic/q05,5,2,3,3,1,0.73002489
model-a,synthetic/q05,5,2,3,4,0,0.7203316
model-a,synthetic/q05,5,2,3,5,0,0.015332863
model-a,synthetic/q05,5,2,3,6,0,0.15469951
model-a,synthetic/q05,5,2,3,7,0,0.046653469
model-a,synthetic/q05,5,2,3,8,0,0.44330298
model-a,synthetic/q05,5,2,3,9,0,0.084585514
model-a,synthetic/q05,5,2,3,10,0,0.38125893
model-a,synthetic/q05,5,2,3,11,1,0.56972681
model-a,synthetic/q05,5,2,3,12,1,0.18920731
model-a,synthetic/q05,5,2,3,13,0,0.082935718
model-a,synthetic/q05,5,2,3,14,0,0.039498975
model-a,synthetic/q05,5,2,3,15,0,0.077152018
model-a,synthetic/q05,5,2,3,16,0,0.43850246
model-a,synthetic/q05,5,2,3,17,0,0.2249242
model-a,synthetic/q05,5,2,3,18,0,0.079876946
model-a,synthetic/q05,5,2,3,19,0,0.13686725
model-a,synthetic/q05,5,2,3,20,0,0.17278153
model-a,synthetic/q05,5,2,3,21,0,0.051571068
model-a,synthetic/q05,5,2,3,22,0,0.43381876
model-a,synthetic/q05,5,2,3,23,0,0.30544084
model-a,synthetic/q05,5,2,3,24,0,0.12180587
model-a,synthetic/q05,5,2,3,25,0,0.144662
model-a,synthetic/q05,5,2,3,26,0,0.079594337
model-a,synthetic/q05,5,2,3,27,0,0.55493911
model-a,synthetic/q05,5,2,3,28,0,0.043997409
model-a,synthetic/q05,5,2,3,29,0,0.11612768
model-a,synthetic/q06,6,0,0,0,0,0.092506835
model-a,synthetic/q06,6,0,0,1,0,0.031312014
model-a,synthetic/q06,6,0,0,2,0,0.085008801
model-a,synthetic/q06,6,0,0,3,0,0.14250517
model-a,synthetic/q06,6,0,0,4,1,0.6167951
model-a,synthetic/q06,6,0,0,5,0,0.12979814
model-a,synthetic/q06,6,0,0,6,0,0.032692267
model-a,synthetic/q06,6,0,0,7,0,0.03299996
model-a,synthetic/q06,6,0,0,8,1,0.71939505
model-a,synthetic/q06,6,0,0,9,0,0.19310257
model-a,synthetic/q06,6,0,0,10,0,0.24307113
model-a,synthetic/q06,6,0,0,11,0,0.044721879
model-a,synthetic/q06,6,0,0,12,0,0.46219515
model-a,synthetic/q06,6,0,0,13,0,0.24078002
model-a,synthetic/q06,6,0,0,14,0,0.74946122
model-a,synthetic/q06,6,0,0,15,0,0.314926
model-a,synthetic/q06,6,0,0,16,0,0.47938844
model-a,synthetic/q06,6,0,0,17,0,0.11130256
model-a,synthetic/q06,6,0,0,18,0,0.29382867
model-a,synthetic/q06,6,0,0,19,0,0.20212854
model-a,synthetic/q06,6,0,0,20,0,0.34932319
model-a,synthetic/q06,6,0,0,21,1,0.54469988
model-a,synthetic/q06,6,0,0,22,0,0.49390953
model-a,synthetic/q06,6,0,1,0,0,0.4085774
model-a,synthetic/q06,6,0,1,1,0,0.12907034
model-a,synthetic/q06,6,0,1,2,0,0.35413274
model-a,synthetic/q06,6,0,1,3,0,0.31397786
model-a,synthetic/q06,6,0,1,4,0,0.050136023
model-a,synthetic/q06,6,0,1,5,0,0.05994107
model-a,synthetic/q06,6,0,1,6,0,0.36431918
model-a,synthetic/q06,6,0,1,7,0,0.17670229
model-a,synthetic/q06,6,0,1,8,0,0.028815919
model-a,synthetic/q06,6,0,1,9,1,0.42526946
model-a,synthetic/q06,6,0,1,10,0,0.38665703
model-a,synthetic/q06,6,0,1,11,0,0.13832702
model-a,synthetic/q06,6,0,1,12,1,0.47574839
model-a,synthetic/q06,6,0,1,13,0,0.17904669
model-a,synthetic/q06,6,0,1,14,0,0.27144998
model-a,synthetic/q06,6,0,1,15,0,0.3256584
model-a,synthetic/q06,6,0,1,16,0,0.27694855
model-a,synthetic/q06,6,0,1,17,0,0.081595257
model-a,synthetic/q06,6,0,1,18,0,0.68568631
model-a,synthetic/q06,6,0,1,19,0,0.3199842
model-a,synthetic/q06,6,0,2,0,0,0.10518579
model-a,synthetic/q06,6,0,2,1,0,0.092514996
model-a,synthetic/q06,6,0,2,2,0,0.043328421
model-a,synthetic/q06,6,0,2,3,0,0.16081678
model-a,synthetic/q06,6,0,2,4,0,0.13987409
model-a,synthetic/q06,6,0,2,5,0,0.095393141
model-a,synthetic/q06,6,0,2,6,0,0.061448992
model-a,synthetic/q06,6,0,2,7,0,0.070206231
model-a,synthetic/q06,6,0,2,8,1,0.44612328
model-a,synthetic/q06,6,0,2,9,0,0.2999366
model-a,synthetic/q06,6,0,2,10,1,0.10557139
model-a,synthetic/q06,6,0,2,11,0,0.21904613
model-a,synthetic/q06,6,0,2,12,0,0.067165499
model-a,synthetic/q06,6,0,2,13,0,0.11665228
model-a,synthetic/q06,6,0,2,14,0,0.27809835
model-a,synthetic/q06,6,0,2,15,0,0.13317671
model-a,synthetic/q06,6,0,2,16,0,0.38574509
model-a,synthetic/q06,6,0,2,17,0,0.33318166
model-a,synthetic/q06,6,0,2,18,0,0.073525426
model-a,synthetic/q06,6,0,2,19,0,0.37318872
model-a,synthetic/q06,6,0,2,20,1,0.42057704
model-a,synthetic/q06,6,0,2,21,0,0.097023299
model-a,synthetic/q06,6,0,2,22,0,0.1845425
model-a,synthetic/q06,6,0,2,23,0,0.079438789
model-a,synthetic/q06,6,0,2,24,0,0.43227936
model-a,synthetic/q06,6,0,2,25,0,0.08151875
model-a,synthetic/q06,6,0,2,26,0,0.031748682
model-a,synthetic/q06,6,0,2,27,0,0.54293622
model-a,synthetic/q06,6,0,2,28,0,0.10351611
model-a,synthetic/q06,6,0,3,0,0,0.27844774
model-a,synthetic/q06,6,0,3,1,0,0.60091096
model-a,synthetic/q06,6,0,3,2,0,0.30523333
model-a,synthetic/q06,6,0,3,3,0,0.45244819
model-a,synthetic/q06,6,0,3,4,0,0.033942459
model-a,synthetic/q06,6,0,3,5,0,0.0070219954
model-a,synthetic/q06,6,0,3,6,0,0.027699748
model-a,synthetic/q06,6,0,3,7,0,0.13026118
model-a,synthetic/q06,6,0,3,8,0,0.0064314074
model-a,synthetic/q06,6,0,3,9,0,0.16706124
model-a,synthetic/q06,6,0,3,10,0,0.0079598685
model-a,synthetic/q06,6,0,3,11,0,0.34776975
model-a,synthetic/q06,6,0,3,12,0,0.49955963
model-a,synthetic/q06,6,0,3,13,0,0.35167293
model-a,synthetic/q06,6,0,3,14,0,0.016037327
model-a,synthetic/q06,6,0,3,15,0,0.20602992
model-a,synthetic/q06,6,0,3,16,1,0.46213343
model-a,synthetic/q06,6,0,3,17,0,0.062249562
model-a,synthetic/q06,6,0,3,18,0,0.56405318
model-a,synthetic/q06,6,0,3,19,0,0.11070771
model-a,synthetic/q06,6,0,3,20,0,0.038380244
model-a,synthetic/q06,6,0,3,21,1,0.65342914
model-a,synthetic/q06,6,0,3,22,0,0.59980374
model-a,synthetic/q06,6,0,3,23,1,0.43128428
model-a,synthetic/q06,6,0,3,24,0,0.50881211
model-a,synthetic/q06,6,0,3,25,0,0.080782186
model-a,synthetic/q06,6,0,3,26,0,0.10035826
model-a,synthetic/q06,6,0,3,27,0,0.11893275
model-a,synthetic/q06,6,0,3,28,0,0.17058889
model-a,synthetic/q06,6,0,3,29,1,0.7617414
model-a,synthetic/q06,6,0,3,30,0,0.29366752
model-a,synthetic/q06,6,0,3,31,0,0.27147641
model-a,synthetic/q06,6,0,3,32,0,0.061436596
model-a,synthetic/q06,6,0,3,33,0,0.17460145
model-a,synthetic/q06,6,0,3,34,0,0.021882456
model-a,synthetic/q06,6,0,3,35,0,0.17538197
model-a,synthetic/q06,6,0,3,36,0,0.040256455
model-a,synthetic/q06,6,1,0,0,0,0.40673632
model-a,synthetic/q06,6,1,0,1,1,0.38767901
model-a,synthetic/q06,6,1,0,2,0,0.25923582
model-a,synthetic/q06,6,1,0,3,0,0.09636589
model-a,synthetic/q06,6,1,0,4,1,0.37375667
model-a,synthetic/q06,6,1,0,5,0,0.25005001
model-a,synthetic/q06,6,1,0,6,0,0.1476827
model-a,synthetic/q06,6,1,0,7,0,0.088268641
model-a,synthetic/q06,6,1,0,8,0,0.14368761
model-a,synthetic/q06,6,1,0,9,0,0.072295951
model-a,synthetic/q06,6,1,0,10,0,0.20666888
model-a,synthetic/q06,6,1,0,11,0,0.37523659
model-a,synthetic/q06,6,1,0,12,0,0.11190006
model-a,synthetic/q06,6,1,0,13,1,0.52090566
model-a,synthetic/q06,6,1,0,14,0,0.11544597
model-a,synthetic/q06,6,1,0,15,0,0.18750986
model-a,synthetic/q06,6,1,0,16,0,0.20520095
model-a,synthetic/q06,6,1,0,17,1,0.64920638
model-a,synthetic/q06,6,1,0,18,0,0.099249936
model-a,synthetic/q06,6,1,0,19,0,0.14301035
model-a,synthetic/q06,6,1,0,20,0,0.14473094
model-a,synthetic/q06,6,1,0,21,0,0.22802937
model-a,synthetic/q06,6,1,0,22,0,0.35818238
model-a,synthetic/q06,6,1,0,23,0,0.5479463
model-a,synthetic/q06,6,1,0,24,0,0.18089134
model-a,synthetic/q06,6,1,0,25,0,0.325299
model-a,synthetic/q06,6,1,0,26,0,0.63369885
model-a,synthetic/q06,6,1,0,27,0,0.459008
model-a,synthetic/q06,6,1,0,28,0,0.078282575
model-a,synthetic/q06,6,1,0,29,0,0.62234892
model-a,synthetic/q06,6,1,0,30,0,0.43419404
model-a,synthetic/q06,6,1,1,0,1,0.65583585
model-a,synthetic/q06,6,1,1,1,0,0.37215873
model-a,synthetic/q06,6,1,1,2,0,0.040801312
model-a,synthetic/q06,6,1,1,3,0,0.28528499
model-a,synthetic/q06,6,1,1,4,0,0.37274279
model-a,synthetic/q06,6,1,1,5,0,0.029390768
model-a,synthetic/q06,6,1,1,6,0,0.65085605
model-a,synthetic/q06,6,1,1,7,0,0.078427568
model-a,synthetic/q06,6,1,1,8,0,0.18457639
model-a,synthetic/q06,6,1,1,9,0,0.033922378
model-a,synthetic/q06,6,1,1,10,0,0.30022298
model-a,synthetic/q06,6,1,1,11,0,0.15539604
model-a,synthetic/q06,6,1,1,12,0,0.19331366
model-a,synthetic/q06,6,1,1,13,0,0.15852723
model-a,synthetic/q06,6,1,1,14,0,0.1499749
model-a,synthetic/q06,6,1,1,15,0,0.085616081
model-a,synthetic/q06,6,1,1,16,0,0.071426201
model-a,synthetic/q06,6,1,1,17,0,0.23663126
model-a,synthetic/q06,6,1,1,18,0,0.0094259273
model-a,synthetic/q06,6,1,1,19,0,0.090117002
model-a,synthetic/q06,6,1,1,20,0,0.16220005
model-a,synthetic/q06,6,1,1,21,0,0.50689335
model-a,synthetic/q06,6,1,1,22,0,0.61070381
model-a,synthetic/q06,6,1,1,23,1,0.78643808
model-a,synthetic/q06,6,1,1,24,0,0.23120361
model-a,synthetic/q06,6,1,1,25,0,0.14732554
model-a,synthetic/q06,6,1,1,26,0,0.037644997
model-a,synthetic/q06,6,1,1,27,0,0.019942111
model-a,synthetic/q06,6,1,1,28,1,0.34998342
model-a,synthetic/q06,6,1,1,29,0,0.1488129
model-a,synthetic/q06,6,1,2,0,0,0.11862732
model-a,synthetic/q06,6,1,2,1,0,0.087619192
model-a,synthetic/q06,6,1,2,2,0,0.014503578
model-a,synthetic/q06,6,1,2,3,1,0.43291922
model-a,synthetic/q06,6,1,2,4,0,0.46608748
model-a,synthetic/q06,6,1,2,5,0,0.12753491
model-a,synthetic/q06,6,1,2,6,0,0.52599986
model-a,synthetic/q06,6,1,2,7,0,0.25419475
model-a,synthetic/q06,6,1,2,8,0,0.33396771
model-a,synthetic/q06,6,1,2,9,0,0.40067405
model-a,synthetic/q06,6,1,2,10,0,0.27961919
model-a,synthetic/q06,6,1,2,11,0,0.24821381
model-a,synthetic/q06,6,1,2,12,0,0.027938964
model-a,synthetic/q06,6,1,2,13,0,0.083615783
model-a,synthetic/q06,6,1,2,14,1,0.41885229
model-a,synthetic/q06,6,1,2,15,0,0.020749652
model-a,synthetic/q06,6,1,2,16,0,0.63222033
model-a,synthetic/q06,6,1,2,17,0,0.07293971
model-a,synthetic/q06,6,1,2,18,0,0.12501159
model-a,synthetic/q06,6,1,2,19,0,0.014062533
model-a,synthetic/q06,6,1,2,20,0,0.048875756
model-a,synthetic/q06,6,1,2,21,0,0.25667127
model-a,synthetic/q06,6,1,2,22,0,0.26390006
model-a,synthetic/q06,6,1,2,23,0,0.28878994
model-a,synthetic/q06,6,1,2,24,0,0.1977839
model-a,synthetic/q06,6,1,2,25,0,0.21568462
model-a,synthetic/q06,6,1,2,26,0,0.13673866
model-a,synthetic/q06,6,1,2,27,0,0.2741618
model-a,synthetic/q06,6,1,2,28,1,0.40714938
model-a,synthetic/q06,6,1,3,0,0,0.13026501
model-a,synthetic/q06,6,1,3,1,0,0.10608148
model-a,synthetic/q06,6,1,3,2,0,0.32169088
model-a,synthetic/q06,6,1,3,3,0,0.35010972
model-a,synthetic/q06,6,1,3,4,0,0.42023431
model-a,synthetic/q06,6,1,3,5,0,0.014647683
model-a,synthetic/q06,6,1,3,6,0,0.49077895
model-a,synthetic/q06,6,1,3,7,0,0.12519143
model-a,synthetic/q06,6,1,3,8,0,0.12819258
model-a,synthetic/q06,6,1,3,9,0,0.34784247
model-a,synthetic/q06,6,1,3,10,1,0.52133798
model-a,synthetic/q06,6,1,3,11,0,0.36666225
model-a,synthetic/q06,6,1,3,12,0,0.032838642
model-a,synthetic/q06,6,1,3,13,1,0.61497685
model-a,synthetic/q06,6,1,3,14,0,0.52417995
model-a,synthetic/q06,6,1,3,15,0,0.059735751
model-a,synthetic/q06,6,1,3,16,0,0.27590182
model-a,synthetic/q06,6,1,3,17,0,0.094251438
model-a,synthetic/q06,6,1,3,18,1,0.42263034
model-a,synthetic/q06,6,1,3,19,0,0.34427052
model-a,synthetic/q06,6,1,3,20,0,0.4528752
model-a,synthetic/q06,6,1,3,21,0,0.28128484
model-a,synthetic/q06,6,1,3,22,0,0.12790249
model-a,synthetic/q06,6,1,3,23,0,0.41920404
model-a,synthetic/q06,6,1,3,24,0,0.63804934
model-a,synthetic/q06,6,1,3,25,0,0.36278424
model-a,synthetic/q06,6,1,3,26,0,0.32225243
model-a,synthetic/q06,6,1,3,27,0,0.077880313
model-a,synthetic/q06,6,1,3,28,0,0.37456182
model-a,synthetic/q06,6,1,3,29,0,0.055304655
model-a,synthetic/q06,6,1,3,30,0,0.32935471
model-a,synthetic/q06,6,1,3,31,1,0.56841614
model-a,synthetic/q06,6,1,3,32,0,0.28768552
model-a,synthetic/q06,6,1,3,33,0,0.11379113
model-a,synthetic/q06,6,2,0,0,0,0.4049219
model-a,synthetic/q06,6,2,0,1,1,0.51081854
model-a,synthetic/q06,6,2,0,2,0,0.33779303
model-a,synthetic/q06,6,2,0,3,0,0.44716553
model-a,synthetic/q06,6,2,0,4,0,0.073163674
model-a,synthetic/q06,6,2,0,5,0,0.37088968
model-a,synthetic/q06,6,2,0,6,0,0.22471047
model-a,synthetic/q06,6,2,0,7,0,0.2488044
model-a,synthetic/q06,6,2,0,8,0,0.23705064
model-a,synthetic/q06,6,2,0,9,0,0.21103579
model-a,synthetic/q06,6,2,0,10,1,0.63992785
model-a,synthetic/q06,6,2,0,11,0,0.12236924
model-a,synthetic/q06,6,2,0,12,0,0.23228047
model-a,synthetic/q06,6,2,0,13,1,0.48233652
model-a,synthetic/q06,6,2,0,14,0,0.13040074
model-a,synthetic/q06,6,2,0,15,0,0.060280374
model-a,synthetic/q06,6,2,0,16,0,0.23445188
model-a,synthetic/q06,6,2,0,17,0,0.23219479
model-a,synthetic/q06,6,2,0,18,0,0.28273998
model-a,synthetic/q06,6,2,0,19,0,0.17718186
model-a,synthetic/q06,6,2,0,20,0,0.18480877
model-a,synthetic/q06,6,2,0,21,0,0.24577123
model-a,synthetic/q06,6,2,0,22,0,0.12611946
model-a,synthetic/q06,6,2,0,23,0,0.033570901
model-a,synthetic/q06,6,2,0,24,0,0.29570014
model-a,synthetic/q06,6,2,0,25,0,0.25039583
model-a,synthetic/q06,6,2,0,26,0,0.12234273
model-a,synthetic/q06,6,2,0,27,0,0.17196613
model-a,synthetic/q06,6,2,0,28,0,0.50735283
model-a,synthetic/q06,6,2,0,29,0,0.078939479
model-a,synthetic/q06,6,2,1,0,0,0.25184853
model-a,synthetic/q06,6,2,1,1,0,0.042252791
model-a,synthetic/q06,6,2,1,2,1,0.44141432
model-a,synthetic/q06,6,2,1,3,0,0.19357745
model-a,synthetic/q06,6,2,1,4,0,0.088105615
model-a,synthetic/q06,6,2,1,5,0,0.095507648
model-a,synthetic/q06,6,2,1,6,0,0.076221866
model-a,synthetic/q06,6,2,1,7,0,0.24795223
model-a,synthetic/q06,6,2,1,8,0,0.036764395
model-a,synthetic/q06,6,2,1,9,0,0.15209113
model-a,synthetic/q06,6,2,1,10,1,0.65093696
model-a,synthetic/q06,6,2,1,11,0,0.05482418
model-a,synthetic/q06,6,2,1,12,0,0.059540282
model-a,synthetic/q06,6,2,1,13,0,0.076308738
model-a,synthetic/q06,6,2,1,14,0,0.01839696
model-a,synthetic/q06,6,2,1,15,0,0.18409109
model-a,synthetic/q06,6,2,1,16,0,0.08596254
model-a,synthetic/q06,6,2,1,17,0,0.56177972
model-a,synthetic/q06,6,2,1,18,0,0.0073282699
model-a,synthetic/q06,6,2,1,19,0,0.033806438
model-a,synthetic/q06,6,2,1,20,0,0.12413898
model-a,synthetic/q06,6,2,1,21,1,0.54188605
model-a,synthetic/q06,6,2,1,22,0,0.038800982
model-a,synthetic/q06,6,2,1,23,0,0.060838983
model-a,synthetic/q06,6,2,2,0,0,0.067378528
model-a,synthetic/q06,6,2,2,1,0,0.31517103
model-a,synthetic/q06,6,2,2,2,0,0.03044519
model-a,synthetic/q06,6,2,2,3,0,0.0064931329
model-a,synthetic/q06,6,2,2,4,0,0.10901981
model-a,synthetic/q06,6,2,2,5,0,0.25208443
model-a,synthetic/q06,6,2,2,6,0,0.56154662
model-a,synthetic/q06,6,2,2,7,0,0.086088082
model-a,synthetic/q06,6,2,2,8,0,0.4892536
model-a,synthetic/q06,6,2,2,9,0,0.20276568
model-a,synthetic/q06,6,2,2,10,0,0.043767221
model-a,synthetic/q06,6,2,2,11,0,0.40650384
model-a,synthetic/q06,6,2,2,12,0,0.12596405
model-a,synthetic/q06,6,2,2,13,0,0.23719097
model-a,synthetic/q06,6,2,2,14,0,0.14935104
model-a,synthetic/q06,6,2,2,15,0,0.2868016
model-a,synthetic/q06,6,2,2,16,0,0.073033251
model-a,synthetic/q06,6,2,2,17,0,0.45314112
model-a,synthetic/q06,6,2,2,18,0,0.33416816
model-a,synthetic/q06,6,2,2,19,1,0.57760712
model-a,synthetic/q06,6,2,2,20,1,0.76349788
model-a,synthetic/q06,6,2,2,21,0,0.18446206
model-a,synthetic/q06,6,2,2,22,1,0.65091808
model-a,synthetic/q06,6,2,2,23,0,0.19306532
model-a,synthetic/q06,6,2,2,24,0,0.089251443
model-a,synthetic/q06,6,2,2,25,0,0.12209672
model-a,synthetic/q06,6,2,2,26,0,0.20296235
model-a,synthetic/q06,6,2,2,27,0,0.24334275
model-a,synthetic/q06,6,2,2,28,0,0.22797524
model-a,synthetic/q06,6,2,2,29,0,0.088189844
model-a,synthetic/q06,6,2,2,30,0,0.30481746
model-a,synthetic/q06,6,2,2,31,0,0.60458737
model-a,synthetic/q06,6,2,2,32,0,0.11618886
model-a,synthetic/q06,6,2,2,33,0,0.41490217
model-a,synthetic/q06,6,2,2,34,0,0.56308884
model-a,synthetic/q06,6,2,2,35,1,0.32807319
model-a,synthetic/q06,6,2,2,36,0,0.26925769
model-a,synthetic/q06,6,2,2,37,0,0.31940629
model-a,synthetic/q06,6,2,2,38,0,0.089524119
model-a,synthetic/q06,6,2,2,39,0,0.1193641
model-a,synthetic/q06,6,2,3,0,0,0.19361654
model-a,synthetic/q06,6,2,3,1,0,0.03519978
model-a,synthetic/q06,6,2,3,2,0,0.36260746
model-a,synthetic/q06,6,2,3,3,0,0.048027276
model-a,synthetic/q06,6,2,3,4,0,0.24468402
model-a,synthetic/q06,6,2,3,5,1,0.56193143
model-a,synthetic/q06,6,2,3,6,0,0.37980898
model-a,synthetic/q06,6,2,3,7,0,0.036040994
model-a,synthetic/q06,6,2,3,8,0,0.42766421
model-a,synthetic/q06,6,2,3,9,0,0.2097688
model-a,synthetic/q06,6,2,3,10,0,0.32820018
model-a,synthetic/q06,6,2,3,11,1,0.54126166
model-a,synthetic/q06,6,2,3,12,0,0.12788707
model-a,synthetic/q06,6,2,3,13,0,0.55413838
model-a,synthetic/q06,6,2,3,14,0,0.088670457
model-a,synthetic/q06,6,2,3,15,0,0.083171017
model-a,synthetic/q06,6,2,3,16,0,0.096806681
model-a,synthetic/q06,6,2,3,17,0,0.2714987
model-a,synthetic/q06,6,2,3,18,0,0.047921554
model-a,synthetic/q06,6,2,3,19,0,0.081841345
model-a,synthetic/q06,6,2,3,20,1,0.79150746
model-a,synthetic/q06,6,2,3,21,0,0.053189266
model-a,synthetic/q06,6,2,3,22,0,0.26095904
model-a,synthetic/q06,6,2,3,23,0,0.24016187
model-a,synthetic/q06,6,2,3,24,0,0.34405205
model-a,synthetic/q07,7,0,0,0,0,0.23574664
model-a,synthetic/q07,7,0,0,1,0,0.039332533
model-a,synthetic/q07,7,0,0,2,0,0.2755159
model-a,synthetic/q07,7,0,0,3,0,0.16102171
model-a,synthetic/q07,7,0,0,4,0,0.15776602
model-a,synthetic/q07,7,0,0,5,0,0.29621057
model-a,synthetic/q07,7,0,0,6,0,0.044933218
model-a,synthetic/q07,7,0,0,7,0,0.31830072
model-a,synthetic/q07,7,0,0,8,0,0.17188083
model-a,synthetic/q07,7,0,0,9,1,0.78015519
model-a,synthetic/q07,7,0,0,10,0,0.050744036
model-a,synthetic/q07,7,0,0,11,0,0.091242644
model-a,synthetic/q07,7,0,0,12,0,0.085063714
model-a,synthetic/q07,7,0,0,13,0,0.064440596
model-a,synthetic/q07,7,0,0,14,0,0.075353227
model-a,synthetic/q07,7,0,0,15,1,0.76796354
model-a,synthetic/q07,7,0,0,16,0,0.36191321
model-a,synthetic/q07,7,0,0,17,0,0.17790775
model-a,synthetic/q07,7,0,0,18,1,0.23972485
model-a,synthetic/q07,7,0,0,19,0,0.092267105
model-a,synthetic/q07,7,0,0,20,0,0.21152758
model-a,synthetic/q07,7,0,0,21,0,0.071625992
model-a,synthetic/q07,7,0,0,22,0,0.34892808
model-a,synthetic/q07,7,0,0,23,0,0.030332938
model-a,synthetic/q07,7,0,0,24,0,0.28382293
model-a,synthetic/q07,7,0,0,25,0,0.53856965
model-a,synthetic/q07,7,0,0,26,0,0.24512774
model-a,synthetic/q07,7,0,1,0,1,0.76651931
model-a,synthetic/q07,7,0,1,1,0,0.20664665
model-a,synthetic/q07,7,0,1,2,1,0.92760267
model-a,synthetic/q07,7,0,1,3,0,0.065043921
model-a,synthetic/q07,7,0,1,4,0,0.26481177
model-a,synthetic/q07,7,0,1,5,1,0.63368767
model-a,synthetic/q07,7,0,1,6,0,0.29760522
model-a,synthetic/q07,7,0,1,7,0,0.024664805
model-a,synthetic/q07,7,0,1,8,0,0.52255243
model-a,synthetic/q07,7,0,1,9,0,0.69197525
model-a,synthetic/q07,7,0,1,10,0,0.64157084
model-a,synthetic/q07,7,0,1,11,0,0.15005339
model-a,synthetic/q07,7,0,1,12,0,0.21014555
model-a,synthetic/q07,7,0,1,13,0,0.1248452
model-a,synthetic/q07,7,0,1,14,0,0.05608353
model-a,synthetic/q07,7,0,1,15,0,0.10688611
model-a,synthetic/q07,7,0,1,16,0,0.086892715
model-a,synthetic/q07,7,0,1,17,0,0.34500433
model-a,synthetic/q07,7,0,1,18,0,0.022169064
model-a,synthetic/q07,7,0,1,19,0,0.20704154
model-a,synthetic/q07,7,0,1,20,0,0.048981048
model-a,synthetic/q07,7,0,2,0,0,0.015076007
model-a,synthetic/q07,7,0,2,1,0,0.098021953
model-a,synthetic/q07,7,0,2,2,0,0.10711304
model-a,synthetic/q07,7,0,2,3,1,0.70444343
model-a,synthetic/q07,7,0,2,4,0,0.29181071
model-a,synthetic/q07,7,0,2,5,0,0.18141059
model-a,synthetic/q07,7,0,2,6,0,0.046281432
model-a,synthetic/q07,7,0,2,7,0,0.036148639
model-a,synthetic/q07,7,0,2,8,0,0.040736049
model-a,synthetic/q07,7,0,2,9,0,0.15128715
model-a,synthetic/q07,7,0,2,10,0,0.26308339
model-a,synthetic/q07,7,0,2,11,0,0.088068279
model-a,synthetic/q07,7,0,2,12,0,0.33544237
model-a,synthetic/q07,7,0,2,13,0,0.17980988
model-a,synthetic/q07,7,0,2,14,0,0.13252311
model-a,synthetic/q07,7,0,2,15,0,0.50354606
model-a,synthetic/q07,7,0,2,16,0,0.36476838
model-a,synthetic/q07,7,0,2,17,0,0.091072368
model-a,synthetic/q07,7,0,2,18,0,0.1785444
model-a,synthetic/q07,7,0,2,19,0,0.059207988
model-a,synthetic/q07,7,0,2,20,0,0.20608752
model-a,synthetic/q07,7,0,2,21,0,0.578865
model-a,synthetic/q07,7,0,2,22,0,0.11169063
model-a,synthetic/q07,7,0,2,23,0,0.19422264
model-a,synthetic/q07,7,0,2,24,1,0.26531311
model-a,synthetic/q07,7,0,2,25,1,0.45235427
model-a,synthetic/q07,7,0,2,26,0,0.031950747
model-a,synthetic/q07,7,0,2,27,0,0.3222244
model-a,synthetic/q07,7,0,2,28,0,0.075603655
model-a,synthetic/q07,7,0,2,29,0,0.1088259
model-a,synthetic/q07,7,0,2,30,0,0.089301174
model-a,synthetic/q07,7,0,2,31,1,0.50492226
model-a,synthetic/q07,7,0,2,32,0,0.18735
model-a,synthetic/q07,7,0,2,33,0,0.36247996
model-a,synthetic/q07,7,0,2,34,0,0.0092903896
model-a,synthetic/q07,7,0,3,0,0,0.11597466
model-a,synthetic/q07,7,0,3,1,0,0.19466032
model-a,synthetic/q07,7,0,3,2,0,0.47281277
model-a,synthetic/q07,7,0,3,3,0,0.30358962
model-a,synthetic/q07,7,0,3,4,0,0.41296031
model-a,synthetic/q07,7,0,3,5,0,0.095954216
model-a,synthetic/q07,7,0,3,6,0,0.28872574
model-a,synthetic/q07,7,0,3,7,0,0.01725464
model-a,synthetic/q07,7,0,3,8,0,0.051738183
model-a,synthetic/q07,7,0,3,9,0,0.058482495
model-a,synthetic/q07,7,0,3,10,0,0.017716522
model-a,synthetic/q07,7,0,3,11,0,0.16347489
model-a,synthetic/q07,7,0,3,12,0,0.073350083
model-a,synthetic/q07,7,0,3,13,0,0.076420994
model-a,synthetic/q07,7,0,3,14,0,0.1987289
model-a,synthetic/q07,7,0,3,15,0,0.26808263
model-a,synthetic/q07,7,0,3,16,1,0.35467249
model-a,synthetic/q07,7,0,3,17,0,0.24500455
model-a,synthetic/q07,7,0,3,18,0,0.10010801
model-a,synthetic/q07,7,0,3,19,1,0.51193791
model-a,synthetic/q07,7,0,3,20,1,0.409818
model-a,synthetic/q07,7,0,3,21,0,0.012994877
model-a,synthetic/q07,7,0,3,22,0,0.32609921
model-a,synthetic/q07,7,0,3,23,0,0.079840969
model-a,synthetic/q07,7,0,3,24,0,0.095941745
model-a,synthetic/q07,7,0,3,25,1,0.82205085
model-a,synthetic/q07,7,0,3,26,0,0.26931907
model-a,synthetic/q07,7,0,3,27,0,0.099046318
model-a,synthetic/q07,7,0,3,28,0,0.034983379
model-a,synthetic/q07,7,0,3,29,0,0.28874642
model-a,synthetic/q07,7,0,3,30,0,0.28830337
model-a,synthetic/q07,7,0,3,31,0,0.36186397
model-a,synthetic/q07,7,1,0,0,0,0.04392714
model-a,synthetic/q07,7,1,0,1,0,0.1774862
model-a,synthetic/q07,7,1,0,2,1,0.53733957
model-a,synthetic/q07,7,1,0,3,0,0.06708436
model-a,synthetic/q07,7,1,0,4,0,0.41040769
model-a,synthetic/q07,7,1,0,5,0,0.24053875
model-a,synthetic/q07,7,1,0,6,1,0.30895263
model-a,synthetic/q07,7,1,0,7,0,0.059033139
model-a,synthetic/q07,7,1,0,8,0,0.30668341
model-a,synthetic/q07,7,1,0,9,0,0.04694215
model-a,synthetic/q07,7,1,0,10,0,0.32598013
model-a,synthetic/q07,7,1,0,11,0,0.12797859
model-a,synthetic/q07,7,1,0,12,0,0.28998613
model-a,synthetic/q07,7,1,0,13,0,0.04065622
model-a,synthetic/q07,7,1,0,14,0,0.037068027
model-a,synthetic/q07,7,1,0,15,0,0.082901459
model-a,synthetic/q07,7,1,0,16,0,0.040516265
model-a,synthetic/q07,7,1,0,17,0,0.14594745
model-a,synthetic/q07,7,1,0,18,1,0.29164283
model-a,synthetic/q07,7,1,0,19,0,0.66317168
model-a,synthetic/q07,7,1,0,20,0,0.1022076
model-a,synthetic/q07,7,1,0,21,0,0.29063173
model-a,synthetic/q07,7,1,0,22,0,0.083103244
model-a,synthetic/q07,7,1,0,23,0,0.017264379
model-a,synthetic/q07,7,1,0,24,0,0.060141845
model-a,synthetic/q07,7,1,0,25,1,0.15491217
model-a,synthetic/q07,7,1,0,26,0,0.22041233
model-a,synthetic/q07,7,1,0,27,0,0.15529476
model-a,synthetic/q07,7,1,0,28,0,0.10456194
model-a,synthetic/q07,7,1,0,29,0,0.18616177
model-a,synthetic/q07,7,1,0,30,0,0.19308461
model-a,synthetic/q07,7,1,0,31,0,0.32801298
model-a,synthetic/q07,7,1,0,32,0,0.18559641
model-a,synthetic/q07,7,1,0,33,0,0.10729026
model-a,synthetic/q07,7,1,0,34,0,0.064595268
model-a,synthetic/q07,7,1,0,35,0,0.037324287
model-a,synthetic/q07,7,1,0,36,0,0.010265681
model-a,synthetic/q07,7,1,1,0,0,0.27871388
model-a,synthetic/q07,7,1,1,1,0,0.15220691
model-a,synthetic/q07,7,1,1,2,0,0.088134238
model-a,synthetic/q07,7,1,1,3,0,0.098249749
model-a,synthetic/q07,7,1,1,4,0,0.34356596
model-a,synthetic/q07,7,1,1,5,1,0.21985005
model-a,synthetic/q07,7,1,1,6,0,0.5358021
model-a,synthetic/q07,7,1,1,7,0,0.3803817
model-a,synthetic/q07,7,1,1,8,0,0.038248942
model-a,synthetic/q07,7,1,1,9,0,0.34630638
model-a,synthetic/q07,7,1,1,10,0,0.10404509
model-a,synthetic/q07,7,1,1,11,0,0.20797446
model-a,synthetic/q07,7,1,1,12,1,0.50983975
model-a,synthetic/q07,7,1,1,13,0,0.52934308
model-a,synthetic/q07,7,1,1,14,0,0.25330163
model-a,synthetic/q07,7,1,1,15,0,0.028132337
model-a,synthetic/q07,7,1,1,16,0,0.32760264
model-a,synthetic/q07,7,1,1,17,0,0.094934214
model-a,synthetic/q07,7,1,1,18,0,0.12518073
model-a,synthetic/q07,7,1,1,19,0,0.35274426
model-a,synthetic/q07,7,1,1,20,1,0.56654509
model-a,synthetic/q07,7,1,1,21,0,0.25588557
model-a,synthetic/q07,7,1,1,22,0,0.0628501
model-a,synthetic/q07,7,1,1,23,0,0.18911008
model-a,synthetic/q07,7,1,1,24,0,0.17392889
model-a,synthetic/q07,7,1,1,25,0,0.01622256
model-a,synthetic/q07,7,1,2,0,0,0.54137147
model-a,synthetic/q07,7,1,2,1,0,0.29376574
model-a,synthetic/q07,7,1,2,2,0,0.12622865
model-a,synthetic/q07,7,1,2,3,0,0.096534671
model-a,synthetic/q07,7,1,2,4,0,0.044769753
model-a,synthetic/q07,7,1,2,5,0,0.019257918
model-a,synthetic/q07,7,1,2,6,1,0.4563217
model-a,synthetic/q07,7,1,2,7,0,0.14224435
model-a,synthetic/q07,7,1,2,8,0,0.10472062
model-a,synthetic/q07,7,1,2,9,0,0.24995693
model-a,synthetic/q07,7,1,2,10,0,0.22792488
model-a,synthetic/q07,7,1,2,11,0,0.53029165
model-a,synthetic/q07,7,1,2,12,0,0.10135527
model-a,synthetic/q07,7,1,2,13,0,0.41912949
model-a,synthetic/q07,7,1,2,14,1,0.84194974
model-a,synthetic/q07,7,1,2,15,0,0.015628244
model-a,synthetic/q07,7,1,2,16,0,0.062861641
model-a,synthetic/q07,7,1,2,17,0,0.3699836
model-a,synthetic/q07,7,1,2,18,0,0.1461849
model-a,synthetic/q07,7,1,2,19,0,0.092138537
model-a,synthetic/q07,7,1,2,20,0,0.25234542
model-a,synthetic/q07,7,1,2,21,1,0.72482028
model-a,synthetic/q07,7,1,2,22,0,0.074860459
model-a,synthetic/q07,7,1,2,23,0,0.24130359
model-a,synthetic/q07,7,1,2,24,0,0.05377952
model-a,synthetic/q07,7,1,2,25,0,0.18278236
model-a,synthetic/q07,7,1,2,26,0,0.082460342
model-a,synthetic/q07,7,1,2,27,0,0.062413197
model-a,synthetic/q07,7,1,2,28,1,0.47621373
model-a,synthetic/q07,7,1,2,29,0,0.14082667
model-a,synthetic/q07,7,1,2,30,0,0.62555482
model-a,synthetic/q07,7,1,2,31,0,0.17817272
model-a,synthetic/q07,7,1,3,0,0,0.26055701
model-a,synthetic/q07,7,1,3,1,0,0.29049524
model-a,synthetic/q07,7,1,3,2,0,0.032290313
model-a,synthetic/q07,7,1,3,3,0,0.069076252
model-a,synthetic/q07,7,1,3,4,0,0.073759023
model-a,synthetic/q07,7,1,3,5,1,0.38130306
model-a,synthetic/q07,7,1,3,6,1,0.79968715
model-a,synthetic/q07,7,1,3,7,0,0.21208811
model-a,synthetic/q07,7,1,3,8,0,0.4864865
model-a,synthetic/q07,7,1,3,9,0,0.04913506
model-a,synthetic/q07,7,1,3,10,0,0.057801699
model-a,synthetic/q07,7,1,3,11,0,0.16977437
model-a,synthetic/q07,7,1,3,12,0,0.35430575
model-a,synthetic/q07,7,1,3,13,0,0.063607388
model-a,synthetic/q07,7,1,3,14,0,0.10861636
model-a,synthetic/q07,7,1,3,15,0,0.39472715
model-a,synthetic/q07,7,1,3,16,1,0.83543537
model-a,synthetic/q07,7,1,3,17,0,0.13758566
model-a,synthetic/q07,7,1,3,18,0,0.079438384
model-a,synthetic/q07,7,1,3,19,0,0.059541971
model-a,synthetic/q07,7,1,3,20,0,0.025466057
model-a,synthetic/q07,7,1,3,21,0,0.17643711
model-a,synthetic/q07,7,2,0,0,1,0.33189888
model-a,synthetic/q07,7,2,0,1,0,0.17998758
model-a,synthetic/q07,7,2,0,2,0,0.50039001
model-a,synthetic/q07,7,2,0,3,0,0.4794671
model-a,synthetic/q07,7,2,0,4,0,0.19887245
model-a,synthetic/q07,7,2,0,5,0,0.23709158
model-a,synthetic/q07,7,2,0,6,0,0.15727471
model-a,synthetic/q07,7,2,0,7,0,0.17006731
model-a,synthetic/q07,7,2,0,8,0,0.044927464
model-a,synthetic/q07,7,2,0,9,0,0.25344316
model-a,synthetic/q07,7,2,0,10,0,0.062176961
model-a,synthetic/q07,7,2,0,11,1,0.50700226
model-a,synthetic/q07,7,2,0,12,0,0.088967116
model-a,synthetic/q07,7,2,0,13,0,0.13110379
model-a,synthetic/q07,7,2,0,14,0,0.41927806
model-a,synthetic/q07,7,2,0,15,0,0.18350109
model-a,synthetic/q07,7,2,0,16,0,0.42378551
model-a,synthetic/q07,7,2,0,17,0,0.026531897
model-a,synthetic/q07,7,2,0,18,0,0.26806975
model-a,synthetic/q07,7,2,0,19,0,0.071637912
model-a,synthetic/q07,7,2,0,20,1,0.43836193
model-a,synthetic/q07,7,2,0,21,0,0.27906003
model-a,synthetic/q07,7,2,0,22,0,0.054737115
model-a,synthetic/q07,7,2,0,23,0,0.029742719
model-a,synthetic/q07,7,2,0,24,1,0.46890729
model-a,synthetic/q07,7,2,0,25,0,0.20654579
model-a,synthetic/q07,7,2,0,26,0,0.31273352
model-a,synthetic/q07,7,2,0,27,0,0.15051765
model-a,synthetic/q07,7,2,0,28,0,0.20766818
model-a,synthetic/q07,7,2,0,29,0,0.10124084
model-a,synthetic/q07,7,2,0,30,0,0.072011966
model-a,synthetic/q07,7,2,0,31,0,0.27297693
model-a,synthetic/q07,7,2,0,32,0,0.035069197
model-a,synthetic/q07,7,2,0,33,0,0.23315513
model-a,synthetic/q07,7,2,0,34,0,0.33428661
model-a,synthetic/q07,7,2,0,35,0,0.079607805
model-a,synthetic/q07,7,2,0,36,0,0.59997335
model-a,synthetic/q07,7,2,1,0,0,0.22888786
model-a,synthetic/q07,7,2,1,1,1,0.68745495
model-a,synthetic/q07,7,2,1,2,0,0.013588218
model-a,synthetic/q07,7,2,1,3,0,0.30562478
model-a,synthetic/q07,7,2,1,4,0,0.17622877
model-a,synthetic/q07,7,2,1,5,0,0.13125813
model-a,synthetic/q07,7,2,1,6,1,0.71176503
model-a,synthetic/q07,7,2,1,7,0,0.36584938
model-a,synthetic/q07,7,2,1,8,1,0.22565045
model-a,synthetic/q07,7,2,1,9,0,0.11955368
model-a,synthetic/q07,7,2,1,10,0,0.59303938
model-a,synthetic/q07,7,2,1,11,0,0.12394473
model-a,synthetic/q07,7,2,1,12,0,0.22855447
model-a,synthetic/q07,7,2,1,13,0,0.10605274
model-a,synthetic/q07,7,2,1,14,0,0.71679188
model-a,synthetic/q07,7,2,1,15,0,0.32222426
model-a,synthetic/q07,7,2,1,16,0,0.044105593
model-a,synthetic/q07,7,2,1,17,0,0.051631885
model-a,synthetic/q07,7,2,1,18,0,0.078706507
model-a,synthetic/q07,7,2,1,19,0,0.085273601
model-a,synthetic/q07,7,2,1,20,0,0.22667935
model-a,synthetic/q07,7,2,1,21,0,0.2026971
model-a,synthetic/q07,7,2,1,22,0,0.6576224
model-a,synthetic/q07,7,2,1,23,0,0.027333116
model-a,synthetic/q07,7,2,1,24,0,0.25202589
model-a,synthetic/q07,7,2,1,25,0,0.07226222
model-a,synthetic/q07,7,2,1,26,0,0.40300697
model-a,synthetic/q07,7,2,1,27,0,0.021385487
model-a,synthetic/q07,7,2,1,28,0,0.23624996
model-a,synthetic/q07,7,2,1,29,0,0.12359209
model-a,synthetic/q07,7,2,1,30,0,0.11701848
model-a,synthetic/q07,7,2,1,31,0,0.13684388
model-a,synthetic/q07,7,2,1,32,0,0.38344571
model-a,synthetic/q07,7,2,1,33,1,0.36530169
model-a,synthetic/q07,7,2,1,34,0,0.36257814
model-a,synthetic/q07,7,2,2,0,0,0.12540689
model-a,synthetic/q07,7,2,2,1,0,0.20188551
model-a,synthetic/q07,7,2,2,2,0,0.28082811
model-a,synthetic/q07,7,2,2,3,0,0.11523747
model-a,synthetic/q07,7,2,2,4,0,0.20815064
model-a,synthetic/q07,7,2,2,5,0,0.45459713
model-a,synthetic/q07,7,2,2,6,1,0.47188891
model-a,synthetic/q07,7,2,2,7,0,0.085889772
model-a,synthetic/q07,7,2,2,8,0,0.071600874
model-a,synthetic/q07,7,2,2,9,0,0.25158339
model-a,synthetic/q07,7,2,2,10,1,0.36104068
model-a,synthetic/q07,7,2,2,11,0,0.099270817
model-a,synthetic/q07,7,2,2,12,0,0.018734303
model-a,synthetic/q07,7,2,2,13,0,0.043834719
model-a,synthetic/q07,7,2,2,14,0,0.091933215
model-a,synthetic/q07,7,2,2,15,0,0.1637299
model-a,synthetic/q07,7,2,2,16,0,0.32759106
model-a,synthetic/q07,7,2,2,17,0,0.039916232
model-a,synthetic/q07,7,2,2,18,0,0.17722528
model-a,synthetic/q07,7,2,2,19,0,0.042214872
model-a,synthetic/q07,7,2,2,20,0,0.027342648
model-a,synthetic/q07,7,2,2,21,0,0.066856552
model-a,synthetic/q07,7,2,2,22,0,0.53745354
model-a,synthetic/q07,7,2,2,23,0,0.046020676
model-a,synthetic/q07,7,2,2,24,0,0.27505878
model-a,synthetic/q07,7,2,2,25,0,0.19951552
model-a,synthetic/q07,7,2,2,26,0,0.21993585
model-a,synthetic/q07,7,2,2,27,0,0.52710136
model-a,synthetic/q07,7,2,2,28,0,0.052077259
model-a,synthetic/q07,7,2,2,29,1,0.77694853
model-a,synthetic/q07,7,2,2,30,1,0.22818298
model-a,synthetic/q07,7,2,2,31,0,0.11924868
model-a,synthetic/q07,7,2,2,32,0,0.12457399
model-a,synthetic/q07,7,2,2,33,0,0.14085786
model-a,synthetic/q07,7,2,3,0,0,0.29492519
model-a,synthetic/q07,7,2,3,1,0,0.22602224
model-a,synthetic/q07,7,2,3,2,0,0.096951865
model-a,synthetic/q07,7,2,3,3,0,0.095559508
model-a,synthetic/q07,7,2,3,4,0,0.4014493
model-a,synthetic/q07,7,2,3,5,0,0.087315089
model-a,synthetic/q07,7,2,3,6,0,0.28766971
model-a,synthetic/q07,7,2,3,7,0,0.098346586
model-a,synthetic/q07,7,2,3,8,0,0.025813149
model-a,synthetic/q07,7,2,3,9,0,0.058926367
model-a,synthetic/q07,7,2,3,10,0,0.024062777
model-a,synthetic/q07,7,2,3,11,0,0.02516844
model-a,synthetic/q07,7,2,3,12,1,0.88134028
model-a,synthetic/q07,7,2,3,13,0,0.43144086
model-a,synthetic/q07,7,2,3,14,0,0.19721609
model-a,synthetic/q07,7,2,3,15,1,0.43023141
model-a,synthetic/q07,7,2,3,16,0,0.023105911
model-a,synthetic/q07,7,2,3,17,0,0.7013747
model-a,synthetic/q07,7,2,3,18,0,0.079730806
model-a,synthetic/q07,7,2,3,19,0,0.22127235
model-a,synthetic/q07,7,2,3,20,0,0.13601688
model-a,synthetic/q07,7,2,3,21,0,0.04901686
model-a,synthetic/q07,7,2,3,22,0,0.65597996
model-a,synthetic/q07,7,2,3,23,1,0.23550902
model-a,synthetic/q07,7,2,3,24,0,0.14410104
model-a,synthetic/q07,7,2,3,25,0,0.14835604
model-a,synthetic/q07,7,2,3,26,0,0.20003936
model-a,synthetic/q07,7,2,3,27,0,0.07102931
model-a,synthetic/q07,7,2,3,28,0,0.50008807
model-a,synthetic/q07,7,2,3,29,0,0.44139335
model-a,synthetic/q07,7,2,3,30,0,0.074896684
model-a,synthetic/q07,7,2,3,31,1,0.25982544
model-a,synthetic/q07,7,2,3,32,0,0.18219807
model-a,synthetic/q07,7,2,3,33,0,0.085998269
model-a,synthetic/q07,7,2,3,34,0,0.31416097
model-a,synthetic/q07,7,2,3,35,0,0.20106879
model-a,synthetic/q07,7,2,3,36,0,0.10222703
model-a,synthetic/q07,7,2,3,37,0,0.13894135
model-a,synthetic/q07,7,2,3,38,0,0.18290633
model-a,synthetic/q07,7,2,3,39,0,0.10481878
model-b,synthetic/q00,0,0,0,0,0,0.095929204
model-b,synthetic/q00,0,0,0,1,0,0.55429806
model-b,synthetic/q00,0,0,0,2,0,0.12445608
model-b,synthetic/q00,0,0,0,3,0,0.095323856
model-b,synthetic/q00,0,0,0,4,0,0.17807068
model-b,synthetic/q00,0,0,0,5,0,0.56113727
model-b,synthetic/q00,0,0,0,6,0,0.12692803
model-b,synthetic/q00,0,0,0,7,0,0.21226366
model-b,synthetic/q00,0,0,0,8,0,0.17200238
model-b,synthetic/q00,0,0,0,9,0,0.29803924
model-b,synthetic/q00,0,0,0,10,0,0.20312376
model-b,synthetic/q00,0,0,0,11,0,0.17899821
model-b,synthetic/q00,0,0,0,12,0,0.70754222
model-b,synthetic/q00,0,0,0,13,0,0.41937832
model-b,synthetic/q00,0,0,0,14,0,0.26052558
model-b,synthetic/q00,0,0,0,15,0,0.35427669
model-b,synthetic/q00,0,0,0,16,0,0.099844669
model-b,synthetic/q00,0,0,0,17,0,0.47025746
model-b,synthetic/q00,0,0,0,18,0,0.60251361
model-b,synthetic/q00,0,0,0,19,0,0.25631387
model-b,synthetic/q00,0,0,0,20,0,0.052521887
model-b,synthetic/q00,0,0,0,21,1,0.38005356
model-b,synthetic/q00,0,0,0,22,1,0.52615549
model-b,synthetic/q00,0,0,0,23,0,0.40881812
model-b,synthetic/q00,0,0,0,24,0,0.039711726
model-b,synthetic/q00,0,0,0,25,1,0.26691301
model-b,synthetic/q00,0,0,0,26,0,0.24934968
model-b,synthetic/q00,0,0,0,27,0,0.36300928
model-b,synthetic/q00,0,0,0,28,0,0.047669836
model-b,synthetic/q00,0,0,0,29,0,0.32181368
model-b,synthetic/q00,0,0,1,0,0,0.14475728
model-b,synthetic/q00,0,0,1,1,0,0.16197686
model-b,synthetic/q00,0,0,1,2,0,0.10028358
model-b,synthetic/q00,0,0,1,3,0,0.10641834
model-b,synthetic/q00,0,0,1,4,0,0.17861323
model-b,synthetic/q00,0,0,1,5,0,0.10849333
model-b,synthetic/q00,0,0,1,6,0,0.042394586
model-b,synthetic/q00,0,0,1,7,0,0.030867323
model-b,synthetic/q00,0,0,1,8,0,0.1473096
model-b,synthetic/q00,0,0,1,9,0,0.10751698
model-b,synthetic/q00,0,0,1,10,0,0.049282249
model-b,synthetic/q00,0,0,1,11,0,0.22488487
model-b,synthetic/q00,0,0,1,12,0,0.40585052
model-b,synthetic/q00,0,0,1,13,0,0.60536889
model-b,synthetic/q00,0,0,1,14,0,0.041480927
model-b,synthetic/q00,0,0,1,15,1,0.40083601
model-b,synthetic/q00,0,0,1,16,0,0.61351616
model-b,synthetic/q00,0,0,1,17,0,0.050272715
model-b,synthetic/q00,0,0,1,18,0,0.37608609
model-b,synthetic/q00,0,0,1,19,0,0.070222631
model-b,synthetic/q00,0,0,1,20,0,0.080514622
model-b,synthetic/q00,0,0,1,21,0,0.65033222
model-b,synthetic/q00,0,0,1,22,0,0.25487381
model-b,synthetic/q00,0,0,1,23,0,0.032039391
model-b,synthetic/q00,0,0,1,24,1,0.83812717
model-b,synthetic/q00,0,0,1,25,0,0.21943192
model-b,synthetic/q00,0,0,1,26,0,0.43143209
model-b,synthetic/q00,0,0,1,27,0,0.16141128
model-b,synthetic/q00,0,0,1,28,1,0.81105659
model-b,synthetic/q00,0,0,1,29,0,0.080691703
model-b,synthetic/q00,0,0,2,0,0,0.82393859
model-b,synthetic/q00,0,0,2,1,0,0.10587339
model-b,synthetic/q00,0,0,2,2,0,0.097741464
model-b,synthetic/q00,0,0,2,3,0,0.2676193
model-b,synthetic/q00,0,0,2,4,0,0.25385737
model-b,synthetic/q00,0,0,2,5,0,0.21032386
model-b,synthetic/q00,0,0,2,6,0,0.16498414
model-b,synthetic/q00,0,0,2,7,0,0.041906796
model-b,synthetic/q00,0,0,2,8,0,0.1365283
model-b,synthetic/q00,0,0,2,9,0,0.041423967
model-b,synthetic/q00,0,0,2,10,0,0.23919052
model-b,synthetic/q00,0,0,2,11,1,0.66488431
model-b,synthetic/q00,0,0,2,12,0,0.14264783
model-b,synthetic/q00,0,0,2,13,0,0.48007701
model-b,synthetic/q00,0,0,2,14,0,0.3491786
model-b,synthetic/q00,0,0,2,15,0,0.61851267
model-b,synthetic/q00,0,0,2,16,0,0.38308587
model-b,synthetic/q00,0,0,2,17,0,0.1296602
model-b,synthetic/q00,0,0,2,18,1,0.32772748
model-b,synthetic/q00,0,0,2,19,0,0.10370179
model-b,synthetic/q00,0,0,2,20,1,0.6539189
model-b,synthetic/q00,0,0,2,21,0,0.3705438
model-b,synthetic/q00,0,0,2,22,0,0.096029755
model-b,synthetic/q00,0,0,2,23,1,0.77197776
model-b,synthetic/q00,0,0,2,24,0,0.24743526
model-b,synthetic/q00,0,0,2,25,0,0.30117443
model-b,synthetic/q00,0,0,2,26,0,0.42654916
model-b,synthetic/q00,0,0,2,27,0,0.36295147
model-b,synthetic/q00,0,0,2,28,0,0.34584537
model-b,synthetic/q00,0,0,2,29,0,0.32693187
model-b,synthetic/q00,0,0,2,30,0,0.14100108
model-b,synthetic/q00,0,0,3,0,1,0.20275851
model-b,synthetic/q00,0,0,3,1,0,0.20215838
model-b,synthetic/q00,0,0,3,2,0,0.22811191
model-b,synthetic/q00,0,0,3,3,0,0.44826102
model-b,synthetic/q00,0,0,3,4,0,0.39869357
model-b,synthetic/q00,0,0,3,5,0,0.28519728
model-b,synthetic/q00,0,0,3,6,0,0.16293185
model-b,synthetic/q00,0,0,3,7,0,0.52995869
model-b,synthetic/q00,0,0,3,8,0,0.052641558
model-b,synthetic/q00,0,0,3,9,0,0.30041268
model-b,synthetic/q00,0,0,3,10,0,0.11941089
model-b,synthetic/q00,0,0,3,11,1,0.5760614
model-b,synthetic/q00,0,0,3,12,1,0.25792353
model-b,synthetic/q00,0,0,3,13,0,0.368553
model-b,synthetic/q00,0,0,3,14,0,0.038941052
model-b,synthetic/q00,0,0,3,15,0,0.077077184
model-b,synthetic/q00,0,0,3,16,0,0.21774826
model-b,synthetic/q00,0,0,3,17,0,0.077330721
model-b,synthetic/q00,0,0,3,18,0,0.0080936106
model-b,synthetic/q00,0,0,3,19,0,0.44040451
model-b,synthetic/q00,0,0,3,20,0,0.13917911
model-b,synthetic/q00,0,0,3,21,0,0.10020064
model-b,synthetic/q00,0,1,0,0,1,0.48445624
model-b,synthetic/q00,0,1,0,1,0,0.023143929
model-b,synthetic/q00,0,1,0,2,0,0.15970505
model-b,synthetic/q00,0,1,0,3,0,0.029555971
model-b,synthetic/q00,0,1,0,4,0,0.11428412
model-b,synthetic/q00,0,1,0,5,0,0.041133619
model-b,synthetic/q00,0,1,0,6,1,0.52350207
model-b,synthetic/q00,0,1,0,7,0,0.10818306
model-b,synthetic/q00,0,1,0,8,0,0.32752099
model-b,synthetic/q00,0,1,0,9,0,0.15900971
model-b,synthetic/q00,0,1,0,10,0,0.14976628
model-b,synthetic/q00,0,1,0,11,0,0.21260209
model-b,synthetic/q00,0,1,0,12,0,0.16732103
model-b,synthetic/q00,0,1,0,13,0,0.19535057
model-b,synthetic/q00,0,1,0,14,0,0.06602224
model-b,synthetic/q00,0,1,0,15,0,0.026991676
model-b,synthetic/q00,0,1,0,16,0,0.080428522
model-b,synthetic/q00,0,1,0,17,1,0.26729548
model-b,synthetic/q00,0,1,0,18,0,0.11496622
model-b,synthetic/q00,0,1,0,19,0,0.12400675
model-b,synthetic/q00,0,1,0,20,0,0.10858324
model-b,synthetic/q00,0,1,0,21,0,0.17216149
model-b,synthetic/q00,0,1,0,22,0,0.1235156
model-b,synthetic/q00,0,1,0,23,0,0.11852828
model-b,synthetic/q00,0,1,0,24,0,0.020719463
model-b,synthetic/q00,0,1,1,0,0,0.058950445
model-b,synthetic/q00,0,1,1,1,0,0.5454911
model-b,synthetic/q00,0,1,1,2,0,0.2687008
model-b,synthetic/q00,0,1,1,3,0,0.090376555
model-b,synthetic/q00,0,1,1,4,0,0.12072366
model-b,synthetic/q00,0,1,1,5,0,0.17474771
model-b,synthetic/q00,0,1,1,6,0,0.19941861
model-b,synthetic/q00,0,1,1,7,0,0.28571323
model-b,synthetic/q00,0,1,1,8,0,0.10603241
model-b,synthetic/q00,0,1,1,9,0,0.051898534
model-b,synthetic/q00,0,1,1,10,0,0.15923182
model-b,synthetic/q00,0,1,1,11,0,0.23703664
model-b,synthetic/q00,0,1,1,12,1,0.59226122
model-b,synthetic/q00,0,1,1,13,0,0.19081392
model-b,synthetic/q00,0,1,1,14,0,0.25960847
model-b,synthetic/q00,0,1,1,15,0,0.14649438
model-b,synthetic/q00,0,1,1,16,0,0.071043373
model-b,synthetic/q00,0,1,1,17,1,0.45962212
model-b,synthetic/q00,0,1,1,18,0,0.087472694
model-b,synthetic/q00,0,1,1,19,0,0.17104702
model-b,synthetic/q00,0,1,1,20,0,0.34359008
model-b,synthetic/q00,0,1,1,21,1,0.75754613
model-b,synthetic/q00,0,1,1,22,0,0.20869115
model-b,synthetic/q00,0,1,1,23,0,0.18088632
model-b,synthetic/q00,0,1,1,24,0,0.13706343
model-b,synthetic/q00,0,1,1,25,0,0.4715001
model-b,synthetic/q00,0,1,1,26,0,0.065630565
model-b,synthetic/q00,0,1,1,27,0,0.28523699
model-b,synthetic/q00,0,1,1,28,0,0.027606337
model-b,synthetic/q00,0,1,1,29,1,0.73250623
model-b,synthetic/q00,0,1,1,30,0,0.55578834
model-b,synthetic/q00,0,1,2,0,0,0.26803516
model-b,synthetic/q00,0,1,2,1,0,0.2923243
model-b,synthetic/q00,0,1,2,2,1,0.46805203
model-b,synthetic/q00,0,1,2,3,0,0.022220336
model-b,synthetic/q00,0,1,2,4,0,0.11373259
model-b,synthetic/q00,0,1,2,5,0,0.088480273
model-b,synthetic/q00,0,1,2,6,0,0.39187117
model-b,synthetic/q00,0,1,2,7,0,0.050381884
model-b,synthetic/q00,0,1,2,8,0,0.1678355
model-b,synthetic/q00,0,1,2,9,0,0.12348475
model-b,synthetic/q00,0,1,2,10,0,0.19868497
model-b,synthetic/q00,0,1,2,11,1,0.76143223
model-b,synthetic/q00,0,1,2,12,0,0.17430047
model-b,synthetic/q00,0,1,2,13,0,0.18385505
model-b,synthetic/q00,0,1,2,14,0,0.18796434
model-b,synthetic/q00,0,1,2,15,0,0.50781701
model-b,synthetic/q00,0,1,2,16,0,0.086647335
model-b,synthetic/q00,0,1,2,17,0,0.083178333
model-b,synthetic/q00,0,1,2,18,0,0.21418379
model-b,synthetic/q00,0,1,2,19,0,0.18646504
model-b,synthetic/q00,0,1,2,20,0,0.21738436
model-b,synthetic/q00,0,1,2,21,0,0.23204088
model-b,synthetic/q00,0,1,2,22,0,0.24080429
model-b,synthetic/q00,0,1,2,23,0,0.036637618
model-b,synthetic/q00,0,1,2,24,0,0.36831225
model-b,synthetic/q00,0,1,2,25,0,0.1461431
model-b,synthetic/q00,0,1,2,26,0,0.19450526
model-b,synthetic/q00,0,1,2,27,0,0.16527053
model-b,synthetic/q00,0,1,2,28,0,0.19065618
model-b,synthetic/q00,0,1,2,29,1,0.5497457
model-b,synthetic/q00,0,1,2,30,0,0.15577912
model-b,synthetic/q00,0,1,2,31,0,0.037190558
model-b,synthetic/q00,0,1,2,32,0,0.34093466
model-b,synthetic/q00,0,1,2,33,0,0.48942553
model-b,synthetic/q00,0,1,2,34,0,0.27544342
model-b,synthetic/q00,0,1,2,35,1,0.26420185
model-b,synthetic/q00,0,1,2,36,0,0.054020356
model-b,synthetic/q00,0,1,3,0,0,0.53689214
model-b,synthetic/q00,0,1,3,1,0,0.10087665
model-b,synthetic/q00,0,1,3,2,0,0.44367535
model-b,synthetic/q00,0,1,3,3,0,0.0024858889
model-b,synthetic/q00,0,1,3,4,0,0.043206958
model-b,synthetic/q00,0,1,3,5,1,0.69122478
model-b,synthetic/q00,0,1,3,6,1,0.55814186
model-b,synthetic/q00,0,1,3,7,0,0.20589667
model-b,synthetic/q00,0,1,3,8,0,0.53433136
model-b,synthetic/q00,0,1,3,9,0,0.45169075
model-b,synthetic/q00,0,1,3,10,0,0.53896107
model-b,synthetic/q00,0,1,3,11,0,0.34938721
model-b,synthetic/q00,0,1,3,12,1,0.48658728
model-b,synthetic/q00,0,1,3,13,0,0.32956542
model-b,synthetic/q00,0,1,3,14,0,0.46337124
model-b,synthetic/q00,0,1,3,15,0,0.34658358
model-b,synthetic/q00,0,1,3,16,0,0.089692558
model-b,synthetic/q00,0,1,3,17,0,0.69201491
model-b,synthetic/q00,0,1,3,18,0,0.17084168
model-b,synthetic/q00,0,1,3,19,0,0.11113203
model-b,synthetic/q00,0,1,3,20,0,0.73862256
model-b,synthetic/q00,0,1,3,21,0,0.46167255
model-b,synthetic/q00,0,2,0,0,0,0.020454347
model-b,synthetic/q00,0,2,0,1,0,0.098592256
model-b,synthetic/q00,0,2,0,2,0,0.19458773
model-b,synthetic/q00,0,2,0,3,0,0.17429961
model-b,synthetic/q00,0,2,0,4,0,0.053742068
model-b,synthetic/q00,0,2,0,5,0,0.18738779
model-b,synthetic/q00,0,2,0,6,0,0.12453776
model-b,synthetic/q00,0,2,0,7,0,0.12548078
model-b,synthetic/q00,0,2,0,8,0,0.04666267
model-b,synthetic/q00,0,2,0,9,1,0.39544783
model-b,synthetic/q00,0,2,0,10,0,0.012342923
model-b,synthetic/q00,0,2,0,11,0,0.61536696
model-b,synthetic/q00,0,2,0,12,0,0.2109659
model-b,synthetic/q00,0,2,0,13,0,0.33804034
model-b,synthetic/q00,0,2,0,14,1,0.56281657
model-b,synthetic/q00,0,2,0,15,1,0.24994134
model-b,synthetic/q00,0,2,0,16,0,0.34594691
model-b,synthetic/q00,0,2,0,17,0,0.18353536
model-b,synthetic/q00,0,2,0,18,0,0.41581067
model-b,synthetic/q00,0,2,0,19,0,0.20101596
model-b,synthetic/q00,0,2,0,20,0,0.033515407
model-b,synthetic/q00,0,2,0,21,1,0.53213211
model-b,synthetic/q00,0,2,0,22,0,0.19817719
model-b,synthetic/q00,0,2,0,23,0,0.25705413
model-b,synthetic/q00,0,2,0,24,0,0.3335721
model-b,synthetic/q00,0,2,0,25,0,0.071873406
model-b,synthetic/q00,0,2,0,26,0,0.010514311
model-b,synthetic/q00,0,2,0,27,0,0.34905152
model-b,synthetic/q00,0,2,0,28,0,0.69861424
model-b,synthetic/q00,0,2,0,29,0,0.091820585
model-b,synthetic/q00,0,2,0,30,0,0.090865545
model-b,synthetic/q00,0,2,0,31,0,0.094607894
model-b,synthetic/q00,0,2,0,32,0,0.36162696
model-b,synthetic/q00,0,2,1,0,0,0.22550098
model-b,synthetic/q00,0,2,1,1,0,0.015882556
model-b,synthetic/q00,0,2,1,2,0,0.023398248
model-b,synthetic/q00,0,2,1,3,1,0.37510236
model-b,synthetic/q00,0,2,1,4,0,0.098049046
model-b,synthetic/q00,0,2,1,5,0,0.11897444
model-b,synthetic/q00,0,2,1,6,0,0.18261227
model-b,synthetic/q00,0,2,1,7,0,0.19213243
model-b,synthetic/q00,0,2,1,8,0,0.10540971
model-b,synthetic/q00,0,2,1,9,0,0.056805818
model-b,synthetic/q00,0,2,1,10,0,0.39070581
model-b,synthetic/q00,0,2,1,11,0,0.024054493
model-b,synthetic/q00,0,2,1,12,0,0.31930754
model-b,synthetic/q00,0,2,1,13,0,0.07076979
model-b,synthetic/q00,0,2,1,14,0,0.085930605
model-b,synthetic/q00,0,2,1,15,1,0.60864769
model-b,synthetic/q00,0,2,1,16,0,0.22219157
model-b,synthetic/q00,0,2,1,17,0,0.14301128
model-b,synthetic/q00,0,2,1,18,0,0.37727294
model-b,synthetic/q00,0,2,1,19,0,0.23175105
model-b,synthetic/q00,0,2,1,20,0,0.13359924
model-b,synthetic/q00,0,2,1,21,1,0.78076123
model-b,synthetic/q00,0,2,1,22,0,0.055528507
model-b,synthetic/q00,0,2,1,23,0,0.10755114
model-b,synthetic/q00,0,2,1,24,0,0.07636769
model-b,synthetic/q00,0,2,1,25,0,0.12418498
model-b,synthetic/q00,0,2,1,26,0,0.28326156
model-b,synthetic/q00,0,2,1,27,0,0.44070373
model-b,synthetic/q00,0,2,1,28,0,0.283381
model-b,synthetic/q00,0,2,1,29,0,0.12764448
model-b,synthetic/q00,0,2,1,30,0,0.42291744
model-b,synthetic/q00,0,2,1,31,0,0.159328
model-b,synthetic/q00,0,2,1,32,0,0.011037992
model-b,synthetic/q00,0,2,1,33,1,0.17825693
model-b,synthetic/q00,0,2,1,34,0,0.016656539
model-b,synthetic/q00,0,2,1,35,0,0.14251395
model-b,synthetic/q00,0,2,2,0,0,0.26629377
model-b,synthetic/q00,0,2,2,1,0,0.077151644
model-b,synthetic/q00,0,2,2,2,0,0.66412423
model-b,synthetic/q00,0,2,2,3,0,0.23417979
model-b,synthetic/q00,0,2,2,4,1,0.51968277
model-b,synthetic/q00,0,2,2,5,0,0.38235129
model-b,synthetic/q00,0,2,2,6,0,0.22694888
model-b,synthetic/q00,0,2,2,7,0,0.30351427
model-b,synthetic/q00,0,2,2,8,1,0.68412253
model-b,synthetic/q00,0,2,2,9,0,0.29893125
model-b,synthetic/q00,0,2,2,10,0,0.22270882
model-b,synthetic/q00,0,2,2,11,1,0.26473783
model-b,synthetic/q00,0,2,2,12,0,0.35905624
model-b,synthetic/q00,0,2,2,13,0,0.44868347
model-b,synthetic/q00,0,2,2,14,0,0.28102049
model-b,synthetic/q00,0,2,2,15,0,0.047617443
model-b,synthetic/q00,0,2,2,16,1,0.73852748
model-b,synthetic/q00,0,2,2,17,0,0.088371015
model-b,synthetic/q00,0,2,2,18,0,0.057434704
model-b,synthetic/q00,0,2,2,19,0,0.11186702
model-b,synthetic/q00,0,2,2,20,0,0.10104183
model-b,synthetic/q00,0,2,2,21,0,0.45091473
model-b,synthetic/q00,0,2,2,22,0,0.31867071
model-b,synthetic/q00,0,2,2,23,0,0.0043465247
model-b,synthetic/q00,0,2,2,24,0,0.23004265
model-b,synthetic/q00,0,2,2,25,0,0.063200078
model-b,synthetic/q00,0,2,2,26,0,0.55258978
model-b,synthetic/q00,0,2,2,27,0,0.24729028
model-b,synthetic/q00,0,2,2,28,0,0.54340852
model-b,synthetic/q00,0,2,2,29,0,0.33308228
model-b,synthetic/q00,0,2,2,30,0,0.46116251
model-b,synthetic/q00,0,2,2,31,0,0.095524607
model-b,synthetic/q00,0,2,2,32,0,0.44957849
model-b,synthetic/q00,0,2,2,33,0,0.1899225
model-b,synthetic/q00,0,2,2,34,0,0.18050777
model-b,synthetic/q00,0,2,2,35,0,0.16080402
model-b,synthetic/q00,0,2,2,36,0,0.16566504
model-b,synthetic/q00,0,2,3,0,0,0.0058108724
model-b,synthetic/q00,0,2,3,1,1,0.64509675
model-b,synthetic/q00,0,2,3,2,0,0.25397478
model-b,synthetic/q00,0,2,3,3,1,0.50380288
model-b,synthetic/q00,0,2,3,4,0,0.17975425
model-b,synthetic/q00,0,2,3,5,0,0.024667631
model-b,synthetic/q00,0,2,3,6,0,0.033690147
model-b,synthetic/q00,0,2,3,7,0,0.084055559
model-b,synthetic/q00,0,2,3,8,0,0.025849554
model-b,synthetic/q00,0,2,3,9,0,0.62241805
model-b,synthetic/q00,0,2,3,10,0,0.062548087
model-b,synthetic/q00,0,2,3,11,0,0.11328224
model-b,synthetic/q00,0,2,3,12,1,0.5345756
model-b,synthetic/q00,0,2,3,13,0,0.17745389
model-b,synthetic/q00,0,2,3,14,0,0.059914094
model-b,synthetic/q00,0,2,3,15,0,0.10664176
model-b,synthetic/q00,0,2,3,16,0,0.10752928
model-b,synthetic/q00,0,2,3,17,0,0.086278049
model-b,synthetic/q00,0,2,3,18,0,0.061988874
model-b,synthetic/q00,0,2,3,19,0,0.02060444
model-b,synthetic/q00,0,2,3,20,0,0.03114039
model-b,synthetic/q00,0,2,3,21,0,0.044255644
model-b,synthetic/q00,0,2,3,22,0,0.05199221
model-b,synthetic/q00,0,2,3,23,0,0.44873147
model-b,synthetic/q00,0,2,3,24,0,0.15407202
model-b,synthetic/q00,0,2,3,25,0,0.12087099
model-b,synthetic/q00,0,2,3,26,0,0.17742571
model-b,synthetic/q01,1,0,0,0,0,0.075366443
model-b,synthetic/q01,1,0,0,1,0,0.28509673
model-b,synthetic/q01,1,0,0,2,1,0.47591374
model-b,synthetic/q01,1,0,0,3,0,0.077585438
model-b,synthetic/q01,1,0,0,4,0,0.18790432
model-b,synthetic/q01,1,0,0,5,1,0.72518492
model-b,synthetic/q01,1,0,0,6,0,0.14856246
model-b,synthetic/q01,1,0,0,7,0,0.40285408
model-b,synthetic/q01,1,0,0,8,0,0.38929951
model-b,synthetic/q01,1,0,0,9,0,0.51261676
model-b,synthetic/q01,1,0,0,10,0,0.073014183
model-b,synthetic/q01,1,0,0,11,0,0.023813909
model-b,synthetic/q01,1,0,0,12,0,0.39769897
model-b,synthetic/q01,1,0,0,13,0,0.18587653
model-b,synthetic/q01,1,0,0,14,0,0.34439925
model-b,synthetic/q01,1,0,0,15,0,0.33206477
model-b,synthetic/q01,1,0,0,16,0,0.057834516
model-b,synthetic/q01,1,0,0,17,0,0.19363234
model-b,synthetic/q01,1,0,0,18,0,0.34590153
model-b,synthetic/q01,1,0,0,19,0,0.098372303
model-b,synthetic/q01,1,0,0,20,0,0.072631908
model-b,synthetic/q01,1,0,0,21,1,0.44983602
model-b,synthetic/q01,1,0,0,22,0,0.63100975
model-b,synthetic/q01,1,0,0,23,1,0.56691472
model-b,synthetic/q01,1,0,0,24,0,0.0064171252
model-b,synthetic/q01,1,0,0,25,0,0.31556656
model-b,synthetic/q01,1,0,0,26,0,0.10720884
model-b,synthetic/q01,1,0,0,27,0,0.13753128
model-b,synthetic/q01,1,0,0,28,0,0.24906027
model-b,synthetic/q01,1,0,0,29,0,0.21011008
model-b,synthetic/q01,1,0,0,30,0,0.27982047
model-b,synthetic/q01,1,0,0,31,0,0.22955092
model-b,synthetic/q01,1,0,0,32,0,0.082546141
model-b,synthetic/q01,1,0,0,33,0,0.33081097
model-b,synthetic/q01,1,0,0,34,0,0.10403044
model-b,synthetic/q01,1,0,1,0,1,0.27220793
model-b,synthetic/q01,1,0,1,1,1,0.15636523
model-b,synthetic/q01,1,0,1,2,0,0.24733462
model-b,synthetic/q01,1,0,1,3,0,0.3860731
model-b,synthetic/q01,1,0,1,4,0,0.27503944
model-b,synthetic/q01,1,0,1,5,0,0.34603983
model-b,synthetic/q01,1,0,1,6,0,0.082948455
model-b,synthetic/q01,1,0,1,7,0,0.056516605
model-b,synthetic/q01,1,0,1,8,0,0.074211243
model-b,synthetic/q01,1,0,1,9,0,0.13955659
model-b,synthetic/q01,1,0,1,10,1,0.6651376
model-b,synthetic/q01,1,0,1,11,1,0.41719804
model-b,synthetic/q01,1,0,1,12,0,0.37576729
model-b,synthetic/q01,1,0,1,13,0,0.092379382
model-b,synthetic/q01,1,0,1,14,0,0.21546065
model-b,synthetic/q01,1,0,1,15,0,0.2553828
model-b,synthetic/q01,1,0,1,16,0,0.10589433
model-b,synthetic/q01,1,0,1,17,0,0.033550022
model-b,synthetic/q01,1,0,1,18,0,0.071165364
model-b,synthetic/q01,1,0,1,19,0,0.37825608
model-b,synthetic/q01,1,0,1,20,0,0.054711954
model-b,synthetic/q01,1,0,1,21,0,0.26268952
model-b,synthetic/q01,1,0,1,22,0,0.022667265
model-b,synthetic/q01,1,0,1,23,0,0.52118592
model-b,synthetic/q01,1,0,1,24,0,0.36693832
model-b,synthetic/q01,1,0,1,25,0,0.21272335
model-b,synthetic/q01,1,0,1,26,0,0.094727829
model-b,synthetic/q01,1,0,1,27,0,0.034200074
model-b,synthetic/q01,1,0,1,28,0,0.071037994
model-b,synthetic/q01,1,0,1,29,0,0.11883721
model-b,synthetic/q01,1,0,1,30,0,0.60093061
model-b,synthetic/q01,1,0,1,31,0,0.13774087
model-b,synthetic/q01,1,0,1,32,0,0.23440549
model-b,synthetic/q01,1,0,1,33,0,0.18919332
model-b,synthetic/q01,1,0,1,34,0,0.14612624
model-b,synthetic/q01,1,0,1,35,0,0.0022031824
model-b,synthetic/q01,1,0,1,36,0,0.043784659
model-b,synthetic/q01,1,0,1,37,0,0.03876046
model-b,synthetic/q01,1,0,1,38,0,0.025968384
model-b,synthetic/q01,1,0,2,0,1,0.67300284
model-b,synthetic/q01,1,0,2,1,0,0.3061102
model-b,synthetic/q01,1,0,2,2,0,0.032938707
model-b,synthetic/q01,1,0,2,3,0,0.26537138
model-b,synthetic/q01,1,0,2,4,0,0.3072647
model-b,synthetic/q01,1,0,2,5,0,0.30120857
model-b,synthetic/q01,1,0,2,6,0,0.28026362
model-b,synthetic/q01,1,0,2,7,0,0.62882852
model-b,synthetic/q01,1,0,2,8,0,0.39606155
model-b,synthetic/q01,1,0,2,9,1,0.31268472
model-b,synthetic/q01,1,0,2,10,0,0.36795172
model-b,synthetic/q01,1,0,2,11,0,0.3563119
model-b,synthetic/q01,1,0,2,12,0,0.087692724
model-b,synthetic/q01,1,0,2,13,0,0.16118619
model-b,synthetic/q01,1,0,2,14,0,0.025434251
model-b,synthetic/q01,1,0,2,15,0,0.56682116
model-b,synthetic/q01,1,0,2,16,0,0.059531516
model-b,synthetic/q01,1,0,2,17,0,0.38024717
model-b,synthetic/q01,1,0,2,18,0,0.16254969
model-b,synthetic/q01,1,0,2,19,0,0.050509114
model-b,synthetic/q01,1,0,2,20,1,0.1695639
model-b,synthetic/q01,1,0,2,21,0,0.35649015
model-b,synthetic/q01,1,0,2,22,0,0.072299666
model-b,synthetic/q01,1,0,2,23,0,0.13903512
model-b,synthetic/q01,1,0,2,24,0,0.25109553
model-b,synthetic/q01,1,0,2,25,0,0.19210416
model-b,synthetic/q01,1,0,2,26,0,0.045712214
model-b,synthetic/q01,1,0,2,27,0,0.26803186
model-b,synthetic/q01,1,0,2,28,0,0.12065119
model-b,synthetic/q01,1,0,2,29,0,0.063151784
model-b,synthetic/q01,1,0,3,0,0,0.17738583
model-b,synthetic/q01,1,0,3,1,1,0.58938177
model-b,synthetic/q01,1,0,3,2,1,0.21878718
model-b,synthetic/q01,1,0,3,3,0,0.1848505
model-b,synthetic/q01,1,0,3,4,0,0.40026834
model-b,synthetic/q01,1,0,3,5,0,0.24665668
model-b,synthetic/q01,1,0,3,6,0,0.08983333
model-b,synthetic/q01,1,0,3,7,0,0.26829
model-b,synthetic/q01,1,0,3,8,0,0.18514544
model-b,synthetic/q01,1,0,3,9,1,0.72593311
model-b,synthetic/q01,1,0,3,10,0,0.55036406
model-b,synthetic/q01,1,0,3,11,0,0.073771502
model-b,synthetic/q01,1,0,3,12,0,0.048231868
model-b,synthetic/q01,1,0,3,13,0,0.26935104
model-b,synthetic/q01,1,0,3,14,0,0.041941411
model-b,synthetic/q01,1,0,3,15,0,0.51690291
model-b,synthetic/q01,1,0,3,16,0,0.52792939
model-b,synthetic/q01,1,0,3,17,0,0.086629503
model-b,synthetic/q01,1,0,3,18,0,0.30931019
model-b,synthetic/q01,1,0,3,19,0,0.85352095
model-b,synthetic/q01,1,0,3,20,0,0.0145982
model-b,synthetic/q01,1,0,3,21,0,0.16089206
model-b,synthetic/q01,1,0,3,22,0,0.11001033
model-b,synthetic/q01,1,0,3,23,0,0.081802429
model-b,synthetic/q01,1,0,3,24,0,0.29341275
model-b,synthetic/q01,1,0,3,25,0,0.16102559
model-b,synthetic/q01,1,0,3,26,0,0.12935346
model-b,synthetic/q01,1,0,3,27,0,0.03650999
model-b,synthetic/q01,1,0,3,28,0,0.14855423
model-b,synthetic/q01,1,0,3,29,0,0.085520448
model-b,synthetic/q01,1,0,3,30,1,0.60369578
model-b,synthetic/q01,1,0,3,31,0,0.15926165
model-b,synthetic/q01,1,0,3,32,0,0.1515518
model-b,synthetic/q01,1,0,3,33,0,0.16189939
model-b,synthetic/q01,1,0,3,34,0,0.37831974
model-b,synthetic/q01,1,0,3,35,0,0.1157992
model-b,synthetic/q01,1,0,3,36,0,0.05921871
model-b,synthetic/q01,1,1,0,0,0,0.35607003
model-b,synthetic/q01,1,1,0,1,0,0.16023887
model-b,synthetic/q01,1,1,0,2,0,0.68866326
model-b,synthetic/q01,1,1,0,3,1,0.62992265
model-b,synthetic/q01,1,1,0,4,0,0.06483491
model-b,synthetic/q01,1,1,0,5,0,0.12013229
model-b,synthetic/q01,1,1,0,6,0,0.048334569
model-b,synthetic/q01,1,1,0,7,0,0.28008199
model-b,synthetic/q01,1,1,0,8,0,0.21911955
model-b,synthetic/q01,1,1,0,9,1,0.58745457
model-b,synthetic/q01,1,1,0,10,0,0.084532938
model-b,synthetic/q01,1,1,0,11,0,0.36640583
model-b,synthetic/q01,1,1,0,12,1,0.57333366
model-b,synthetic/q01,1,1,0,13,0,0.27102018
model-b,synthetic/q01,1,1,0,14,1,0.77801716
model-b,synthetic/q01,1,1,0,15,0,0.38703814
model-b,synthetic/q01,1,1,0,16,0,0.036679337
model-b,synthetic/q01,1,1,0,17,0,0.029488038
model-b,synthetic/q01,1,1,0,18,0,0.35565136
model-b,synthetic/q01,1,1,0,19,0,0.68291902
model-b,synthetic/q01,1,1,0,20,0,0.13386767
model-b,synthetic/q01,1,1,0,21,0,0.36828519
model-b,synthetic/q01,1,1,0,22,0,0.19481355
model-b,synthetic/q01,1,1,0,23,0,0.20171289
model-b,synthetic/q01,1,1,0,24,0,0.17135181
model-b,synthetic/q01,1,1,0,25,0,0.55512332
model-b,synthetic/q01,1,1,0,26,0,0.15349419
model-b,synthetic/q01,1,1,0,27,0,0.1504575
model-b,synthetic/q01,1,1,0,28,0,0.37118142
model-b,synthetic/q01,1,1,0,29,0,0.1293413
model-b,synthetic/q01,1,1,0,30,0,0.086733811
model-b,synthetic/q01,1,1,0,31,0,0.041138216
model-b,synthetic/q01,1,1,0,32,0,0.03702469
model-b,synthetic/q01,1,1,0,33,0,0.19285367
model-b,synthetic/q01,1,1,0,34,0,0.014080723
model-b,synthetic/q01,1,1,0,35,0,0.18874654
model-b,synthetic/q01,1,1,0,36,0,0.16099772
model-b,synthetic/q01,1,1,0,37,0,0.10713725
model-b,synthetic/q01,1,1,0,38,0,0.3497789
model-b,synthetic/q01,1,1,0,39,0,0.14721073
model-b,synthetic/q01,1,1,1,0,0,0.58452873
model-b,synthetic/q01,1,1,1,1,0,0.11054571
model-b,synthetic/q01,1,1,1,2,0,0.13683507
model-b,synthetic/q01,1,1,1,3,0,0.19163423
model-b,synthetic/q01,1,1,1,4,0,0.059578113
model-b,synthetic/q01,1,1,1,5,0,0.063118235
model-b,synthetic/q01,1,1,1,6,0,0.23291029
model-b,synthetic/q01,1,1,1,7,0,0.17003241
model-b,synthetic/q01,1,1,1,8,1,0.26731344
model-b,synthetic/q01,1,1,1,9,0,0.14459854
model-b,synthetic/q01,1,1,1,10,0,0.2941664
model-b,synthetic/q01,1,1,1,11,1,0.85449483
model-b,synthetic/q01,1,1,1,12,0,0.24296156
model-b,synthetic/q01,1,1,1,13,0,0.3343244
model-b,synthetic/q01,1,1,1,14,0,0.20134662
model-b,synthetic/q01,1,1,1,15,0,0.11203798
model-b,synthetic/q01,1,1,1,16,0,0.12997366
model-b,synthetic/q01,1,1,1,17,0,0.19934638
model-b,synthetic/q01,1,1,1,18,0,0.38166687
model-b,synthetic/q01,1,1,1,19,0,0.14317361
model-b,synthetic/q01,1,1,1,20,0,0.10574132
model-b,synthetic/q01,1,1,1,21,0,0.13036085
model-b,synthetic/q01,1,1,1,22,0,0.20648929
model-b,synthetic/q01,1,1,1,23,0,0.077459853
model-b,synthetic/q01,1,1,1,24,0,0.54752039
model-b,synthetic/q01,1,1,1,25,0,0.37994062
model-b,synthetic/q01,1,1,1,26,1,0.73794609
model-b,synthetic/q01,1,1,1,27,1,0.46953934
model-b,synthetic/q01,1,1,1,28,0,0.36922634
model-b,synthetic/q01,1,1,1,29,0,0.21435915
model-b,synthetic/q01,1,1,1,30,0,0.13758247
model-b,synthetic/q01,1,1,1,31,0,0.28462848
model-b,synthetic/q01,1,1,1,32,0,0.74113679
model-b,synthetic/q01,1,1,1,33,0,0.088537754
model-b,synthetic/q01,1,1,2,0,0,0.5891912
model-b,synthetic/q01,1,1,2,1,0,0.083287546
model-b,synthetic/q01,1,1,2,2,0,0.35071116
model-b,synthetic/q01,1,1,2,3,1,0.50944601
model-b,synthetic/q01,1,1,2,4,0,0.22970507
model-b,synthetic/q01,1,1,2,5,0,0.20607212
model-b,synthetic/q01,1,1,2,6,0,0.11848849
model-b,synthetic/q01,1,1,2,7,0,0.1249114
model-b,synthetic/q01,1,1,2,8,0,0.088695755
model-b,synthetic/q01,1,1,2,9,0,0.15589386
model-b,synthetic/q01,1,1,2,10,1,0.21042734
model-b,synthetic/q01,1,1,2,11,0,0.074387199
model-b,synthetic/q01,1,1,2,12,0,0.19919088
model-b,synthetic/q01,1,1,2,13,0,0.13739368
model-b,synthetic/q01,1,1,2,14,0,0.040334459
model-b,synthetic/q01,1,1,2,15,0,0.53098643
model-b,synthetic/q01,1,1,2,16,0,0.59311132
model-b,synthetic/q01,1,1,2,17,1,0.36818281
model-b,synthetic/q01,1,1,2,18,0,0.11130008
model-b,synthetic/q01,1,1,2,19,0,0.018979393
model-b,synthetic/q01,1,1,2,20,0,0.10695893
model-b,synthetic/q01,1,1,2,21,0,0.098357193
model-b,synthetic/q01,1,1,2,22,0,0.41112816
model-b,synthetic/q01,1,1,2,23,0,0.062043916
model-b,synthetic/q01,1,1,2,24,0,0.63401503
model-b,synthetic/q01,1,1,2,25,0,0.047718266
model-b,synthetic/q01,1,1,2,26,0,0.021348934
model-b,synthetic/q01,1,1,2,27,0,0.54282606
model-b,synthetic/q01,1,1,2,28,0,0.66618299
model-b,synthetic/q01,1,1,2,29,0,0.11105159
model-b,synthetic/q01,1,1,2,30,0,0.21019135
model-b,synthetic/q01,1,1,2,31,0,0.19320165
model-b,synthetic/q01,1,1,2,32,1,0.57964401
model-b,synthetic/q01,1,1,2,33,0,0.59162618
model-b,synthetic/q01,1,1,2,34,0,0.096314677
model-b,synthetic/q01,1,1,2,35,0,0.15725916
model-b,synthetic/q01,1,1,3,0,0,0.16145991
model-b,synthetic/q01,1,1,3,1,0,0.17136376
model-b,synthetic/q01,1,1,3,2,0,0.12994603
model-b,synthetic/q01,1,1,3,3,0,0.042890622
model-b,synthetic/q01,1,1,3,4,0,0.082248006
model-b,synthetic/q01,1,1,3,5,0,0.17953302
model-b,synthetic/q01,1,1,3,6,1,0.49420445
model-b,synthetic/q01,1,1,3,7,0,0.0094783969
model-b,synthetic/q01,1,1,3,8,0,0.032998259
model-b,synthetic/q01,1,1,3,9,0,0.25929459
model-b,synthetic/q01,1,1,3,10,1,0.3410217
model-b,synthetic/q01,1,1,3,11,0,0.045246305
model-b,synthetic/q01,1,1,3,12,0,0.12975189
model-b,synthetic/q01,1,1,3,13,1,0.22993569
model-b,synthetic/q01,1,1,3,14,0,0.070498648
model-b,synthetic/q01,1,1,3,15,0,0.22437757
model-b,synthetic/q01,1,1,3,16,0,0.039035332
model-b,synthetic/q01,1,1,3,17,0,0.012178175
model-b,synthetic/q01,1,1,3,18,0,0.06256503
model-b,synthetic/q01,1,1,3,19,0,0.30794688
model-b,synthetic/q01,1,1,3,20,0,0.018427998
model-b,synthetic/q01,1,1,3,21,0,0.09900203
model-b,synthetic/q01,1,2,0,0,0,0.18190054
model-b,synthetic/q01,1,2,0,1,0,0.33150223
model-b,synthetic/q01,1,2,0,2,0,0.27237855
model-b,synthetic/q01,1,2,0,3,0,0.48433618
model-b,synthetic/q01,1,2,0,4,0,0.34155575
model-b,synthetic/q01,1,2,0,5,1,0.74141146
model-b,synthetic/q01,1,2,0,6,0,0.042956364
model-b,synthetic/q01,1,2,0,7,0,0.028989256
model-b,synthetic/q01,1,2,0,8,0,0.31916372
model-b,synthetic/q01,1,2,0,9,0,0.37157753
model-b,synthetic/q01,1,2,0,10,0,0.36712577
model-b,synthetic/q01,1,2,0,11,0,0.11366679
model-b,synthetic/q01,1,2,0,12,0,0.31895254
model-b,synthetic/q01,1,2,0,13,0,0.077487708
model-b,synthetic/q01,1,2,0,14,1,0.24872091
model-b,synthetic/q01,1,2,0,15,0,0.13387413
model-b,synthetic/q01,1,2,0,16,0,0.10880753
model-b,synthetic/q01,1,2,0,17,0,0.058660495
model-b,synthetic/q01,1,2,0,18,0,0.11187109
model-b,synthetic/q01,1,2,0,19,0,0.13981657
model-b,synthetic/q01,1,2,0,20,1,0.69180798
model-b,synthetic/q01,1,2,0,21,0,0.11637669
model-b,synthetic/q01,1,2,0,22,1,0.38044805
model-b,synthetic/q01,1,2,0,23,0,0.11475156
model-b,synthetic/q01,1,2,0,24,0,0.0794369
model-b,synthetic/q01,1,2,0,25,0,0.069634531
model-b,synthetic/q01,1,2,0,26,0,0.13374802
model-b,synthetic/q01,1,2,0,27,0,0.34904879
model-b,synthetic/q01,1,2,0,28,0,0.36457233
model-b,synthetic/q01,1,2,0,29,0,0.13504776
model-b,synthetic/q01,1,2,0,30,0,0.10872652
model-b,synthetic/q01,1,2,0,31,0,0.14258622
model-b,synthetic/q01,1,2,0,32,0,0.087651063
model-b,synthetic/q01,1,2,0,33,0,0.073300367
model-b,synthetic/q01,1,2,1,0,0,0.50538007
model-b,synthetic/q01,1,2,1,1,0,0.3752507
model-b,synthetic/q01,1,2,1,2,1,0.82153939
model-b,synthetic/q01,1,2,1,3,0,0.085949803
model-b,synthetic/q01,1,2,1,4,0,0.1439917
model-b,synthetic/q01,1,2,1,5,1,0.63462541
model-b,synthetic/q01,1,2,1,6,0,0.091524973
model-b,synthetic/q01,1,2,1,7,0,0.12668778
model-b,synthetic/q01,1,2,1,8,0,0.033172111
model-b,synthetic/q01,1,2,1,9,0,0.057808874
model-b,synthetic/q01,1,2,1,10,0,0.59642199
model-b,synthetic/q01,1,2,1,11,1,0.62391751
model-b,synthetic/q01,1,2,1,12,0,0.73495104
model-b,synthetic/q01,1,2,1,13,0,0.23104211
model-b,synthetic/q01,1,2,1,14,0,0.074033341
model-b,synthetic/q01,1,2,1,15,0,0.31710112
model-b,synthetic/q01,1,2,1,16,0,0.21232519
model-b,synthetic/q01,1,2,1,17,0,0.093933662
model-b,synthetic/q01,1,2,1,18,0,0.04753881
model-b,synthetic/q01,1,2,1,19,0,0.40944931
model-b,synthetic/q01,1,2,1,20,0,0.027478941
model-b,synthetic/q01,1,2,1,21,0,0.2506806
model-b,synthetic/q01,1,2,1,22,0,0.15456189
model-b,synthetic/q01,1,2,1,23,0,0.32443679
model-b,synthetic/q01,1,2,1,24,0,0.21619713
model-b,synthetic/q01,1,2,1,25,0,0.38747171
model-b,synthetic/q01,1,2,1,26,0,0.34277786
model-b,synthetic/q01,1,2,1,27,0,0.83612476
model-b,synthetic/q01,1,2,2,0,0,0.3990744
model-b,synthetic/q01,1,2,2,1,0,0.17905401
model-b,synthetic/q01,1,2,2,2,0,0.39689218
model-b,synthetic/q01,1,2,2,3,0,0.13895148
model-b,synthetic/q01,1,2,2,4,1,0.55548139
model-b,synthetic/q01,1,2,2,5,0,0.33119889
model-b,synthetic/q01,1,2,2,6,0,0.043561989
model-b,synthetic/q01,1,2,2,7,1,0.54773996
model-b,synthetic/q01,1,2,2,8,0,0.1341581
model-b,synthetic/q01,1,2,2,9,0,0.12016542
model-b,synthetic/q01,1,2,2,10,0,0.14515786
model-b,synthetic/q01,1,2,2,11,0,0.4065904
model-b,synthetic/q01,1,2,2,12,0,0.27078881
model-b,synthetic/q01,1,2,2,13,0,0.38409651
model-b,synthetic/q01,1,2,2,14,0,0.078406414
model-b,synthetic/q01,1,2,2,15,0,0.19571313
model-b,synthetic/q01,1,2,2,16,0,0.068603376
model-b,synthetic/q01,1,2,2,17,0,0.14174296
model-b,synthetic/q01,1,2,2,18,0,0.2089042
model-b,synthetic/q01,1,2,2,19,0,0.30265787
model-b,synthetic/q01,1,2,2,20,0,0.17592103
model-b,synthetic/q01,1,2,2,21,0,0.13289069
model-b,synthetic/q01,1,2,2,22,0,0.06822381
model-b,synthetic/q01,1,2,2,23,1,0.30480245
model-b,synthetic/q01,1,2,2,24,0,0.10459807
model-b,synthetic/q01,1,2,2,25,0,0.2800114
model-b,synthetic/q01,1,2,2,26,0,0.057226441
model-b,synthetic/q01,1,2,2,27,0,0.15911631
model-b,synthetic/q01,1,2,2,28,0,0.63119266
model-b,synthetic/q01,1,2,2,29,0,0.071118921
model-b,synthetic/q01,1,2,2,30,0,0.18371261
model-b,synthetic/q01,1,2,2,31,0,0.16163419
model-b,synthetic/q01,1,2,2,32,0,0.30056481
model-b,synthetic/q01,1,2,2,33,0,0.54745072
model-b,synthetic/q01,1,2,2,34,0,0.38664106
model-b,synthetic/q01,1,2,2,35,0,0.04959417
model-b,synthetic/q01,1,2,2,36,1,0.72191093
model-b,synthetic/q01,1,2,2,37,0,0.14289351
model-b,synthetic/q01,1,2,3,0,0,0.19672079
model-b,synthetic/q01,1,2,3,1,0,0.44147074
model-b,synthetic/q01,1,2,3,2,0,0.46056549
model-b,synthetic/q01,1,2,3,3,0,0.094337616
model-b,synthetic/q01,1,2,3,4,0,0.13904022
model-b,synthetic/q01,1,2,3,5,0,0.021215878
model-b,synthetic/q01,1,2,3,6,0,0.077047354
model-b,synthetic/q01,1,2,3,7,0,0.118245
model-b,synthetic/q01,1,2,3,8,0,0.020699447
model-b,synthetic/q01,1,2,3,9,0,0.042903285
model-b,synthetic/q01,1,2,3,10,1,0.46926624
model-b,synthetic/q01,1,2,3,11,0,0.24167796
model-b,synthetic/q01,1,2,3,12,1,0.61956975
model-b,synthetic/q01,1,2,3,13,0,0.011784415
model-b,synthetic/q01,1,2,3,14,0,0.034418318
model-b,synthetic/q01,1,2,3,15,0,0.15933883
model-b,synthetic/q01,1,2,3,16,0,0.25361956
model-b,synthetic/q01,1,2,3,17,0,0.011143198
model-b,synthetic/q01,1,2,3,18,0,0.2930813
model-b,synthetic/q01,1,2,3,19,0,0.095753367
model-b,synthetic/q02,2,0,0,0,0,0.11605684
model-b,synthetic/q02,2,0,0,1,0,0.31717545
model-b,synthetic/q02,2,0,0,2,0,0.0099808016
model-b,synthetic/q02,2,0,0,3,0,0.28664922
model-b,synthetic/q02,2,0,0,4,0,0.10580848
model-b,synthetic/q02,2,0,0,5,0,0.084518335
model-b,synthetic/q02,2,0,0,6,0,0.2018892
model-b,synthetic/q02,2,0,0,7,1,0.57272733
model-b,synthetic/q02,2,0,0,8,0,0.11812829
model-b,synthetic/q02,2,0,0,9,0,0.19353505
model-b,synthetic/q02,2,0,0,10,0,0.30092497
model-b,synthetic/q02,2,0,0,11,0,0.04401677
model-b,synthetic/q02,2,0,0,12,0,0.038845137
model-b,synthetic/q02,2,0,0,13,0,0.093064037
model-b,synthetic/q02,2,0,0,14,0,0.48593586
model-b,synthetic/q02,2,0,0,15,0,0.073060912
model-b,synthetic/q02,2,0,0,16,0,0.090238362
model-b,synthetic/q02,2,0,0,17,0,0.059968037
model-b,synthetic/q02,2,0,0,18,0,0.27688527
model-b,synthetic/q02,2,0,0,19,0,0.1574295
model-b,synthetic/q02,2,0,0,20,0,0.47795114
model-b,synthetic/q02,2,0,0,21,1,0.44562028
model-b,synthetic/q02,2,0,0,22,0,0.018959613
model-b,synthetic/q02,2,0,0,23,0,0.0034117931
model-b,synthetic/q02,2,0,0,24,1,0.43044141
model-b,synthetic/q02,2,0,0,25,0,0.12362801
model-b,synthetic/q02,2,0,0,26,0,0.098245286
model-b,synthetic/q02,2,0,1,0,0,0.24162523
model-b,synthetic/q02,2,0,1,1,0,0.081576267
model-b,synthetic/q02,2,0,1,2,0,0.2312775
model-b,synthetic/q02,2,0,1,3,0,0.010323085
model-b,synthetic/q02,2,0,1,4,0,0.56441898
model-b,synthetic/q02,2,0,1,5,0,0.38820033
model-b,synthetic/q02,2,0,1,6,0,0.33140541
model-b,synthetic/q02,2,0,1,7,0,0.15219794
model-b,synthetic/q02,2,0,1,8,1,0.61105929
model-b,synthetic/q02,2,0,1,9,0,0.057242721
model-b,synthetic/q02,2,0,1,10,0,0.08992625
model-b,synthetic/q02,2,0,1,11,0,0.14607176
model-b,synthetic/q02,2,0,1,12,0,0.45195526
model-b,synthetic/q02,2,0,1,13,1,0.35466708
model-b,synthetic/q02,2,0,1,14,0,0.2167538
model-b,synthetic/q02,2,0,1,15,0,0.073772284
model-b,synthetic/q02,2,0,1,16,0,0.12097927
model-b,synthetic/q02,2,0,1,17,0,0.0079680912
model-b,synthetic/q02,2,0,1,18,0,0.019714391
model-b,synthetic/q02,2,0,1,19,1,0.6767903
model-b,synthetic/q02,2,0,1,20,0,0.18856744
model-b,synthetic/q02,2,0,1,21,0,0.1555256
model-b,synthetic/q02,2,0,1,22,0,0.15662575
model-b,synthetic/q02,2,0,1,23,0,0.074491917
model-b,synthetic/q02,2,0,1,24,0,0.087194888
model-b,synthetic/q02,2,0,1,25,0,0.202672
model-b,synthetic/q02,2,0,2,0,0,0.078317635
model-b,synthetic/q02,2,0,2,1,0,0.43172593
model-b,synthetic/q02,2,0,2,2,1,0.89523132
model-b,synthetic/q02,2,0,2,3,0,0.1057402
model-b,synthetic/q02,2,0,2,4,0,0.13159535
model-b,synthetic/q02,2,0,2,5,0,0.41951523
model-b,synthetic/q02,2,0,2,6,0,0.024387155
model-b,synthetic/q02,2,0,2,7,0,0.25371543
model-b,synthetic/q02,2,0,2,8,0,0.37087365
model-b,synthetic/q02,2,0,2,9,0,0.31473741
model-b,synthetic/q02,2,0,2,10,0,0.25933807
model-b,synthetic/q02,2,0,2,11,1,0.68386312
model-b,synthetic/q02,2,0,2,12,0,0.26822581
model-b,synthetic/q02,2,0,2,13,0,0.25474063
model-b,synthetic/q02,2,0,2,14,0,0.481451
model-b,synthetic/q02,2,0,2,15,0,0.20456204
model-b,synthetic/q02,2,0,2,16,1,0.51964919
model-b,synthetic/q02,2,0,2,17,0,0.033672653
model-b,synthetic/q02,2,0,2,18,0,0.35431221
model-b,synthetic/q02,2,0,2,19,0,0.15480859
model-b,synthetic/q02,2,0,2,20,0,0.10965746
model-b,synthetic/q02,2,0,2,21,0,0.12518385
model-b,synthetic/q02,2,0,2,22,0,0.11293076
model-b,synthetic/q02,2,0,2,23,0,0.065098303
model-b,synthetic/q02,2,0,2,24,0,0.044386463
model-b,synthetic/q02,2,0,2,25,0,0.084643579
model-b,synthetic/q02,2,0,2,26,0,0.29710927
model-b,synthetic/q02,2,0,2,27,0,0.052761256
model-b,synthetic/q02,2,0,2,28,0,0.19319624
model-b,synthetic/q02,2,0,2,29,0,0.12765602
model-b,synthetic/q02,2,0,2,30,0,0.21369229
model-b,synthetic/q02,2,0,2,31,0,0.021991588
model-b,synthetic/q02,2,0,2,32,0,0.26607989
model-b,synthetic/q02,2,0,2,33,1,0.49411841
model-b,synthetic/q02,2,0,3,0,0,0.19838127
model-b,synthetic/q02,2,0,3,1,1,0.62550733
model-b,synthetic/q02,2,0,3,2,0,0.13175828
model-b,synthetic/q02,2,0,3,3,0,0.15108443
model-b,synthetic/q02,2,0,3,4,0,0.04219374
model-b,synthetic/q02,2,0,3,5,0,0.36018122
model-b,synthetic/q02,2,0,3,6,0,0.23416978
model-b,synthetic/q02,2,0,3,7,0,0.097169306
model-b,synthetic/q02,2,0,3,8,0,0.013462577
model-b,synthetic/q02,2,0,3,9,0,0.17694009
model-b,synthetic/q02,2,0,3,10,0,0.11055694
model-b,synthetic/q02,2,0,3,11,0,0.1496566
model-b,synthetic/q02,2,0,3,12,0,0.33406428
model-b,synthetic/q02,2,0,3,13,0,0.13011258
model-b,synthetic/q02,2,0,3,14,0,0.056117712
model-b,synthetic/q02,2,0,3,15,1,0.1935232
model-b,synthetic/q02,2,0,3,16,1,0.47752365
model-b,synthetic/q02,2,0,3,17,0,0.026663016
model-b,synthetic/q02,2,0,3,18,0,0.17049205
model-b,synthetic/q02,2,0,3,19,0,0.13247596
model-b,synthetic/q02,2,0,3,20,0,0.035545752
model-b,synthetic/q02,2,0,3,21,0,0.047734906
model-b,synthetic/q02,2,0,3,22,0,0.079946342
model-b,synthetic/q02,2,0,3,23,0,0.41196379
model-b,synthetic/q02,2,0,3,24,0,0.013667291
model-b,synthetic/q02,2,0,3,25,0,0.16407655
model-b,synthetic/q02,2,0,3,26,0,0.14411939
model-b,synthetic/q02,2,0,3,27,0,0.15013834
model-b,synthetic/q02,2,1,0,0,0,0.051506951
model-b,synthetic/q02,2,1,0,1,0,0.062566703
model-b,synthetic/q02,2,1,0,2,1,0.62528403
model-b,synthetic/q02,2,1,0,3,0,0.21590566
model-b,synthetic/q02,2,1,0,4,0,0.25123178
model-b,synthetic/q02,2,1,0,5,0,0.29786988
model-b,synthetic/q02,2,1,0,6,0,0.32389917
model-b,synthetic/q02,2,1,0,7,0,0.059418744
model-b,synthetic/q02,2,1,0,8,0,0.53948515
model-b,synthetic/q02,2,1,0,9,0,0.3356372
model-b,synthetic/q02,2,1,0,10,0,0.12103192
model-b,synthetic/q02,2,1,0,11,1,0.59653426
model-b,synthetic/q02,2,1,0,12,0,0.089545236
model-b,synthetic/q02,2,1,0,13,0,0.13940438
model-b,synthetic/q02,2,1,0,14,0,0.54254639
model-b,synthetic/q02,2,1,0,15,0,0.0060654292
model-b,synthetic/q02,2,1,0,16,0,0.14698361
model-b,synthetic/q02,2,1,0,17,1,0.55431374
model-b,synthetic/q02,2,1,0,18,0,0.1513762
model-b,synthetic/q02,2,1,0,19,0,0.012701509
model-b,synthetic/q02,2,1,0,20,0,0.13680074
model-b,synthetic/q02,2,1,0,21,0,0.37522627
model-b,synthetic/q02,2,1,1,0,0,0.03536419
model-b,synthetic/q02,2,1,1,1,0,0.39237994
model-b,synthetic/q02,2,1,1,2,0,0.16705361
model-b,synthetic/q02,2,1,1,3,0,0.60360981
model-b,synthetic/q02,2,1,1,4,0,0.41264301
model-b,synthetic/q02,2,1,1,5,0,0.083670795
model-b,synthetic/q02,2,1,1,6,0,0.10959556
model-b,synthetic/q02,2,1,1,7,0,0.012682176
model-b,synthetic/q02,2,1,1,8,0,0.1215817
model-b,synthetic/q02,2,1,1,9,0,0.25607037
model-b,synthetic/q02,2,1,1,10,0,0.021994249
model-b,synthetic/q02,2,1,1,11,0,0.29836863
model-b,synthetic/q02,2,1,1,12,0,0.053702591
model-b,synthetic/q02,2,1,1,13,0,0.05689252
model-b,synthetic/q02,2,1,1,14,1,0.76699068
model-b,synthetic/q02,2,1,1,15,0,0.31165081
model-b,synthetic/q02,2,1,1,16,0,0.22780913
model-b,synthetic/q02,2,1,1,17,0,0.34001095
model-b,synthetic/q02,2,1,1,18,1,0.33676645
model-b,synthetic/q02,2,1,1,19,0,0.21050611
model-b,synthetic/q02,2,1,2,0,0,0.032012026
model-b,synthetic/q02,2,1,2,1,0,0.29992245
model-b,synthetic/q02,2,1,2,2,0,0.098808524
model-b,synthetic/q02,2,1,2,3,1,0.43005737
model-b,synthetic/q02,2,1,2,4,0,0.090035718
model-b,synthetic/q02,2,1,2,5,0,0.23241315
model-b,synthetic/q02,2,1,2,6,0,0.086527184
model-b,synthetic/q02,2,1,2,7,0,0.081675311
model-b,synthetic/q02,2,1,2,8,0,0.075463208
model-b,synthetic/q02,2,1,2,9,0,0.57057135
model-b,synthetic/q02,2,1,2,10,0,0.042048751
model-b,synthetic/q02,2,1,2,11,1,0.42306727
model-b,synthetic/q02,2,1,2,12,0,0.091544349
model-b,synthetic/q02,2,1,2,13,1,0.49170238
model-b,synthetic/q02,2,1,2,14,0,0.17588542
model-b,synthetic/q02,2,1,2,15,0,0.044240405
model-b,synthetic/q02,2,1,2,16,0,0.30067967
model-b,synthetic/q02,2,1,2,17,0,0.46974799
model-b,synthetic/q02,2,1,2,18,0,0.18980498
model-b,synthetic/q02,2,1,2,19,0,0.27939891
model-b,synthetic/q02,2,1,2,20,0,0.24274541
model-b,synthetic/q02,2,1,2,21,0,0.085493272
model-b,synthetic/q02,2,1,2,22,0,0.44258014
model-b,synthetic/q02,2,1,2,23,0,0.19773732
model-b,synthetic/q02,2,1,2,24,0,0.23316163
model-b,synthetic/q02,2,1,2,25,0,0.076673294
model-b,synthetic/q02,2,1,2,26,0,0.08389322
model-b,synthetic/q02,2,1,2,27,0,0.15250776
model-b,synthetic/q02,2,1,2,28,0,0.075071022
model-b,synthetic/q02,2,1,2,29,0,0.67319664
model-b,synthetic/q02,2,1,2,30,0,0.1162688
model-b,synthetic/q02,2,1,2,31,0,0.16291187
model-b,synthetic/q02,2,1,2,32,0,0.58956375
model-b,synthetic/q02,2,1,2,33,0,0.36256704
model-b,synthetic/q02,2,1,2,34,1,0.50099164
model-b,synthetic/q02,2,1,3,0,0,0.13444951
model-b,synthetic/q02,2,1,3,1,1,0.85030867
model-b,synthetic/q02,2,1,3,2,0,0.32868544
model-b,synthetic/q02,2,1,3,3,0,0.071482889
model-b,synthetic/q02,2,1,3,4,0,0.1032824
model-b,synthetic/q02,2,1,3,5,0,0.0767583
model-b,synthetic/q02,2,1,3,6,0,0.13092967
model-b,synthetic/q02,2,1,3,7,0,0.027669613
model-b,synthetic/q02,2,1,3,8,0,0.4568499
model-b,synthetic/q02,2,1,3,9,0,0.27704283
model-b,synthetic/q02,2,1,3,10,0,0.23626658
model-b,synthetic/q02,2,1,3,11,0,0.040021287
model-b,synthetic/q02,2,1,3,12,0,0.088541058
model-b,synthetic/q02,2,1,3,13,1,0.59565377
model-b,synthetic/q02,2,1,3,14,0,0.38322519
model-b,synthetic/q02,2,1,3,15,0,0.43698217
model-b,synthetic/q02,2,1,3,16,0,0.23082223
model-b,synthetic/q02,2,1,3,17,0,0.16471231
model-b,synthetic/q02,2,1,3,18,0,0.027977031
model-b,synthetic/q02,2,1,3,19,0,0.29486994
model-b,synthetic/q02,2,1,3,20,0,0.042878004
model-b,synthetic/q02,2,1,3,21,0,0.53471088
model-b,synthetic/q02,2,1,3,22,0,0.11560513
model-b,synthetic/q02,2,1,3,23,0,0.060346808
model-b,synthetic/q02,2,1,3,24,0,0.2695525
model-b,synthetic/q02,2,1,3,25,1,0.56033969
model-b,synthetic/q02,2,1,3,26,0,0.022620977
model-b,synthetic/q02,2,2,0,0,0,0.29261821
model-b,synthetic/q02,2,2,0,1,0,0.29376013
model-b,synthetic/q02,2,2,0,2,0,0.12562547
model-b,synthetic/q02,2,2,0,3,0,0.21766615
model-b,synthetic/q02,2,2,0,4,0,0.11420466
model-b,synthetic/q02,2,2,0,5,0,0.079189577
model-b,synthetic/q02,2,2,0,6,1,0.54834554
model-b,synthetic/q02,2,2,0,7,0,0.053544918
model-b,synthetic/q02,2,2,0,8,0,0.088061982
model-b,synthetic/q02,2,2,0,9,0,0.032977051
model-b,synthetic/q02,2,2,0,10,0,0.065119775
model-b,synthetic/q02,2,2,0,11,0,0.3290642
model-b,synthetic/q02,2,2,0,12,0,0.058709849
model-b,synthetic/q02,2,2,0,13,0,0.05693262
model-b,synthetic/q02,2,2,0,14,0,0.022321811
model-b,synthetic/q02,2,2,0,15,0,0.043108415
model-b,synthetic/q02,2,2,0,16,1,0.74529368
model-b,synthetic/q02,2,2,0,17,0,0.13883395
model-b,synthetic/q02,2,2,0,18,0,0.41731434
model-b,synthetic/q02,2,2,0,19,0,0.056788418
model-b,synthetic/q02,2,2,0,20,0,0.32775267
model-b,synthetic/q02,2,2,0,21,0,0.20445827
model-b,synthetic/q02,2,2,0,22,1,0.85161362
model-b,synthetic/q02,2,2,0,23,1,0.32731151
model-b,synthetic/q02,2,2,0,24,0,0.030170325
model-b,synthetic/q02,2,2,0,25,0,0.22137741
model-b,synthetic/q02,2,2,0,26,0,0.53941042
model-b,synthetic/q02,2,2,0,27,0,0.1086893
model-b,synthetic/q02,2,2,0,28,0,0.025113185
model-b,synthetic/q02,2,2,0,29,0,0.093343956
model-b,synthetic/q02,2,2,0,30,0,0.34608028
model-b,synthetic/q02,2,2,0,31,0,0.16568039
model-b,synthetic/q02,2,2,0,32,0,0.18879882
model-b,synthetic/q02,2,2,1,0,0,0.22849979
model-b,synthetic/q02,2,2,1,1,0,0.044607517
model-b,synthetic/q02,2,2,1,2,0,0.19368926
model-b,synthetic/q02,2,2,1,3,0,0.25193036
model-b,synthetic/q02,2,2,1,4,1,0.27729516
model-b,synthetic/q02,2,2,1,5,0,0.26261139
model-b,synthetic/q02,2,2,1,6,0,0.25728717
model-b,synthetic/q02,2,2,1,7,0,0.19859879
model-b,synthetic/q02,2,2,1,8,0,0.15569858
model-b,synthetic/q02,2,2,1,9,0,0.17618989
model-b,synthetic/q02,2,2,1,10,0,0.72663979
model-b,synthetic/q02,2,2,1,11,0,0.59628938
model-b,synthetic/q02,2,2,1,12,0,0.14565342
model-b,synthetic/q02,2,2,1,13,0,0.092264185
model-b,synthetic/q02,2,2,1,14,0,0.19104121
model-b,synthetic/q02,2,2,1,15,0,0.034605588
model-b,synthetic/q02,2,2,1,16,0,0.2098074
model-b,synthetic/q02,2,2,1,17,0,0.33272485
model-b,synthetic/q02,2,2,1,18,0,0.20266429
model-b,synthetic/q02,2,2,1,19,0,0.27596725
model-b,synthetic/q02,2,2,1,20,0,0.019538103
model-b,synthetic/q02,2,2,1,21,0,0.26586054
model-b,synthetic/q02,2,2,1,22,0,0.018644459
model-b,synthetic/q02,2,2,1,23,0,0.26695384
model-b,synthetic/q02,2,2,1,24,1,0.68417721
model-b,synthetic/q02,2,2,1,25,0,0.14813342
model-b,synthetic/q02,2,2,1,26,0,0.10829955
model-b,synthetic/q02,2,2,1,27,1,0.52076427
model-b,synthetic/q02,2,2,1,28,0,0.18041617
model-b,synthetic/q02,2,2,1,29,1,0.64573397
model-b,synthetic/q02,2,2,1,30,0,0.092654707
model-b,synthetic/q02,2,2,1,31,0,0.16175406
model-b,synthetic/q02,2,2,2,0,1,0.86526368
model-b,synthetic/q02,2,2,2,1,0,0.27097415
model-b,synthetic/q02,2,2,2,2,0,0.14880356
model-b,synthetic/q02,2,2,2,3,0,0.53718342
model-b,synthetic/q02,2,2,2,4,0,0.15615228
model-b,synthetic/q02,2,2,2,5,0,0.15098664
model-b,synthetic/q02,2,2,2,6,1,0.77647933
model-b,synthetic/q02,2,2,2,7,0,0.7663436
model-b,synthetic/q02,2,2,2,8,0,0.23715113
model-b,synthetic/q02,2,2,2,9,0,0.083710211
model-b,synthetic/q02,2,2,2,10,0,0.032406694
model-b,synthetic/q02,2,2,2,11,0,0.43521182
model-b,synthetic/q02,2,2,2,12,0,0.23214967
model-b,synthetic/q02,2,2,2,13,0,0.041048911
model-b,synthetic/q02,2,2,2,14,0,0.055822643
model-b,synthetic/q02,2,2,2,15,0,0.13579885
model-b,synthetic/q02,2,2,2,16,0,0.23359137
model-b,synthetic/q02,2,2,2,17,0,0.40195269
model-b,synthetic/q02,2,2,2,18,0,0.33149195
model-b,synthetic/q02,2,2,2,19,0,0.26129753
model-b,synthetic/q02,2,2,2,20,0,0.41087173
model-b,synthetic/q02,2,2,2,21,1,0.81921801
model-b,synthetic/q02,2,2,2,22,0,0.078408084
model-b,synthetic/q02,2,2,2,23,0,0.5850082
model-b,synthetic/q02,2,2,3,0,0,0.3651261
model-b,synthetic/q02,2,2,3,1,0,0.19727387
model-b,synthetic/q02,2,2,3,2,0,0.28074415
model-b,synthetic/q02,2,2,3,3,1,0.5656794
model-b,synthetic/q02,2,2,3,4,1,0.25323595
model-b,synthetic/q02,2,2,3,5,0,0.039355372
model-b,synthetic/q02,2,2,3,6,0,0.25565434
model-b,synthetic/q02,2,2,3,7,0,0.45422161
model-b,synthetic/q02,2,2,3,8,0,0.058488613
model-b,synthetic/q02,2,2,3,9,0,0.37880781
model-b,synthetic/q02,2,2,3,10,0,0.18070425
model-b,synthetic/q02,2,2,3,11,0,0.17149449
model-b,synthetic/q02,2,2,3,12,0,0.13205171
model-b,synthetic/q02,2,2,3,13,0,0.63850396
model-b,synthetic/q02,2,2,3,14,0,0.0720646
model-b,synthetic/q02,2,2,3,15,0,0.29682362
model-b,synthetic/q02,2,2,3,16,0,0.14815765
model-b,synthetic/q02,2,2,3,17,0,0.2581811
model-b,synthetic/q02,2,2,3,18,0,0.158927
model-b,synthetic/q02,2,2,3,19,0,0.33020577
model-b,synthetic/q02,2,2,3,20,1,0.82808981
model-b,synthetic/q02,2,2,3,21,0,0.13578926
model-b,synthetic/q02,2,2,3,22,0,0.1827363
model-b,synthetic/q02,2,2,3,23,0,0.045262387
model-b,synthetic/q02,2,2,3,24,0,0.013184472
model-b,synthetic/q02,2,2,3,25,0,0.5720916
model-b,synthetic/q03,3,0,0,0,0,0.1536776
model-b,synthetic/q03,3,0,0,1,0,0.054229924
model-b,synthetic/q03,3,0,0,2,0,0.29045356
model-b,synthetic/q03,3,0,0,3,0,0.042699123
model-b,synthetic/q03,3,0,0,4,0,0.39186358
model-b,synthetic/q03,3,0,0,5,0,0.086616489
model-b,synthetic/q03,3,0,0,6,0,0.094591671
model-b,synthetic/q03,3,0,0,7,1,0.48742562
model-b,synthetic/q03,3,0,0,8,1,0.41622749
model-b,synthetic/q03,3,0,0,9,0,0.14068527
model-b,synthetic/q03,3,0,0,10,0,0.63295155
model-b,synthetic/q03,3,0,0,11,0,0.05014556
model-b,synthetic/q03,3,0,0,12,1,0.48571313
model-b,synthetic/q03,3,0,0,13,0,0.16046574
model-b,synthetic/q03,3,0,0,14,0,0.2247232
model-b,synthetic/q03,3,0,0,15,0,0.10367675
model-b,synthetic/q03,3,0,0,16,0,0.05002578
model-b,synthetic/q03,3,0,0,17,0,0.62367991
model-b,synthetic/q03,3,0,0,18,0,0.37104677
model-b,synthetic/q03,3,0,0,19,0,0.027858649
model-b,synthetic/q03,3,0,0,20,0,0.20697222
model-b,synthetic/q03,3,0,0,21,0,0.4074815
model-b,synthetic/q03,3,0,0,22,0,0.17065231
model-b,synthetic/q03,3,0,0,23,0,0.053362204
model-b,synthetic/q03,3,0,1,0,0,0.13722794
model-b,synthetic/q03,3,0,1,1,0,0.085053165
model-b,synthetic/q03,3,0,1,2,0,0.20085686
model-b,synthetic/q03,3,0,1,3,0,0.068295594
model-b,synthetic/q03,3,0,1,4,0,0.14078768
model-b,synthetic/q03,3,0,1,5,0,0.35780269
model-b,synthetic/q03,3,0,1,6,0,0.023345857
model-b,synthetic/q03,3,0,1,7,0,0.12319813
model-b,synthetic/q03,3,0,1,8,0,0.1881236
model-b,synthetic/q03,3,0,1,9,0,0.11586283
model-b,synthetic/q03,3,0,1,10,0,0.36178939
model-b,synthetic/q03,3,0,1,11,1,0.3845477
model-b,synthetic/q03,3,0,1,12,0,0.10724663
model-b,synthetic/q03,3,0,1,13,0,0.088203985
model-b,synthetic/q03,3,0,1,14,0,0.36111936
model-b,synthetic/q03,3,0,1,15,0,0.032978448
model-b,synthetic/q03,3,0,1,16,0,0.19596013
model-b,synthetic/q03,3,0,1,17,0,0.034929976
model-b,synthetic/q03,3,0,1,18,0,0.1093273
model-b,synthetic/q03,3,0,1,19,0,0.13396142
model-b,synthetic/q03,3,0,1,20,1,0.7124873
model-b,synthetic/q03,3,0,1,21,0,0.24535796
model-b,synthetic/q03,3,0,1,22,0,0.33730253
model-b,synthetic/q03,3,0,1,23,0,0.20537522
model-b,synthetic/q03,3,0,1,24,1,0.22788087
model-b,synthetic/q03,3,0,2,0,0,0.10097657
model-b,synthetic/q03,3,0,2,1,0,0.71305823
model-b,synthetic/q03,3,0,2,2,0,0.043222366
model-b,synthetic/q03,3,0,2,3,0,0.12306882
model-b,synthetic/q03,3,0,2,4,0,0.18228844
model-b,synthetic/q03,3,0,2,5,0,0.29359991
model-b,synthetic/q03,3,0,2,6,0,0.11528013
model-b,synthetic/q03,3,0,2,7,1,0.38682554
model-b,synthetic/q03,3,0,2,8,0,0.58410179
model-b,synthetic/q03,3,0,2,9,0,0.54887503
model-b,synthetic/q03,3,0,2,10,1,0.52386554
model-b,synthetic/q03,3,0,2,11,0,0.075185292
model-b,synthetic/q03,3,0,2,12,0,0.077136988
model-b,synthetic/q03,3,0,2,13,0,0.032831241
model-b,synthetic/q03,3,0,2,14,0,0.27626872
model-b,synthetic/q03,3,0,2,15,0,0.12453692
model-b,synthetic/q03,3,0,2,16,0,0.28733699
model-b,synthetic/q03,3,0,2,17,0,0.52847214
model-b,synthetic/q03,3,0,2,18,0,0.1438457
model-b,synthetic/q03,3,0,2,19,1,0.61030994
model-b,synthetic/q03,3,0,2,20,0,0.43451128
model-b,synthetic/q03,3,0,2,21,0,0.15930476
model-b,synthetic/q03,3,0,2,22,0,0.61551475
model-b,synthetic/q03,3,0,2,23,0,0.1175623
model-b,synthetic/q03,3,0,2,24,0,0.37437775
model-b,synthetic/q03,3,0,2,25,0,0.070695627
model-b,synthetic/q03,3,0,2,26,0,0.20786324
model-b,synthetic/q03,3,0,2,27,0,0.22263264
model-b,synthetic/q03,3,0,2,28,0,0.21347912
model-b,synthetic/q03,3,0,2,29,0,0.10694382
model-b,synthetic/q03,3,0,2,30,1,0.72844917
model-b,synthetic/q03,3,0,3,0,0,0.28016598
model-b,synthetic/q03,3,0,3,1,0,0.097050654
model-b,synthetic/q03,3,0,3,2,0,0.025002166
model-b,synthetic/q03,3,0,3,3,0,0.24011499
model-b,synthetic/q03,3,0,3,4,0,0.40858905
model-b,synthetic/q03,3,0,3,5,0,0.60378421
model-b,synthetic/q03,3,0,3,6,0,0.28635065
model-b,synthetic/q03,3,0,3,7,0,0.29052513
model-b,synthetic/q03,3,0,3,8,0,0.063251771
model-b,synthetic/q03,3,0,3,9,0,0.032049169
model-b,synthetic/q03,3,0,3,10,0,0.28776757
model-b,synthetic/q03,3,0,3,11,1,0.42301538
model-b,synthetic/q03,3,0,3,12,0,0.064169593
model-b,synthetic/q03,3,0,3,13,0,0.74412803
model-b,synthetic/q03,3,0,3,14,0,0.41045955
model-b,synthetic/q03,3,0,3,15,0,0.14270207
model-b,synthetic/q03,3,0,3,16,0,0.55497877
model-b,synthetic/q03,3,0,3,17,1,0.47720511
model-b,synthetic/q03,3,0,3,18,0,0.16678687
model-b,synthetic/q03,3,0,3,19,0,0.024271859
model-b,synthetic/q03,3,0,3,20,0,0.44441201
model-b,synthetic/q03,3,0,3,21,0,0.40506125
model-b,synthetic/q03,3,0,3,22,0,0.21066725
model-b,synthetic/q03,3,0,3,23,0,0.28742947
model-b,synthetic/q03,3,0,3,24,0,0.21323521
model-b,synthetic/q03,3,0,3,25,0,0.092461468
model-b,synthetic/q03,3,0,3,26,0,0.073050686
model-b,synthetic/q03,3,0,3,27,1,0.29484237
model-b,synthetic/q03,3,0,3,28,0,0.16247378
model-b,synthetic/q03,3,0,3,29,0,0.11878486
model-b,synthetic/q03,3,0,3,30,0,0.056093635
model-b,synthetic/q03,3,0,3,31,0,0.47231769
model-b,synthetic/q03,3,0,3,32,0,0.20378206
model-b,synthetic/q03,3,0,3,33,0,0.2984562
model-b,synthetic/q03,3,0,3,34,0,0.072692511
model-b,synthetic/q03,3,0,3,35,0,0.063871318
model-b,synthetic/q03,3,0,3,36,0,0.092197771
model-b,synthetic/q03,3,0,3,37,1,0.63103053
model-b,synthetic/q03,3,0,3,38,0,0.11453196
model-b,synthetic/q03,3,1,0,0,0,0.58930161
model-b,synthetic/q03,3,1,0,1,0,0.22660794
model-b,synthetic/q03,3,1,0,2,1,0.69883273
model-b,synthetic/q03,3,1,0,3,0,0.25922634
model-b,synthetic/q03,3,1,0,4,0,0.19240707
model-b,synthetic/q03,3,1,0,5,0,0.17570553
model-b,synthetic/q03,3,1,0,6,0,0.16659044
model-b,synthetic/q03,3,1,0,7,1,0.74136742
model-b,synthetic/q03,3,1,0,8,0,0.25835226
model-b,synthetic/q03,3,1,0,9,0,0.020207465
model-b,synthetic/q03,3,1,0,10,0,0.026438988
model-b,synthetic/q03,3,1,0,11,0,0.14449675
model-b,synthetic/q03,3,1,0,12,0,0.038437875
model-b,synthetic/q03,3,1,0,13,0,0.12824673
model-b,synthetic/q03,3,1,0,14,0,0.034256529
model-b,synthetic/q03,3,1,0,15,0,0.13471821
model-b,synthetic/q03,3,1,0,16,0,0.46629034
model-b,synthetic/q03,3,1,0,17,0,0.26920249
model-b,synthetic/q03,3,1,0,18,0,0.079297592
model-b,synthetic/q03,3,1,0,19,0,0.18141786
model-b,synthetic/q03,3,1,0,20,1,0.51740181
model-b,synthetic/q03,3,1,0,21,0,0.051959362
model-b,synthetic/q03,3,1,0,22,0,0.43189002
model-b,synthetic/q03,3,1,0,23,0,0.64046194
model-b,synthetic/q03,3,1,0,24,0,0.42145829
model-b,synthetic/q03,3,1,0,25,0,0.1012824
model-b,synthetic/q03,3,1,1,0,1,0.14658834
model-b,synthetic/q03,3,1,1,1,0,0.017366459
model-b,synthetic/q03,3,1,1,2,0,0.51029444
model-b,synthetic/q03,3,1,1,3,0,0.40747644
model-b,synthetic/q03,3,1,1,4,0,0.14790837
model-b,synthetic/q03,3,1,1,5,0,0.14890344
model-b,synthetic/q03,3,1,1,6,0,0.32130595
model-b,synthetic/q03,3,1,1,7,0,0.50300016
model-b,synthetic/q03,3,1,1,8,0,0.12018462
model-b,synthetic/q03,3,1,1,9,0,0.18695643
model-b,synthetic/q03,3,1,1,10,1,0.22685209
model-b,synthetic/q03,3,1,1,11,0,0.029312324
model-b,synthetic/q03,3,1,1,12,0,0.35198541
model-b,synthetic/q03,3,1,1,13,0,0.15835693
model-b,synthetic/q03,3,1,1,14,0,0.0258916
model-b,synthetic/q03,3,1,1,15,0,0.070373756
model-b,synthetic/q03,3,1,1,16,0,0.042533498
model-b,synthetic/q03,3,1,1,17,0,0.21295577
model-b,synthetic/q03,3,1,1,18,0,0.086669015
model-b,synthetic/q03,3,1,1,19,0,0.056072404
model-b,synthetic/q03,3,1,1,20,0,0.22029875
model-b,synthetic/q03,3,1,1,21,0,0.60551161
model-b,synthetic/q03,3,1,1,22,0,0.058982332
model-b,synthetic/q03,3,1,1,23,0,0.11853049
model-b,synthetic/q03,3,1,1,24,0,0.77960175
model-b,synthetic/q03,3,1,1,25,0,0.67477145
model-b,synthetic/q03,3,1,1,26,0,0.12122081
model-b,synthetic/q03,3,1,1,27,0,0.16807327
model-b,synthetic/q03,3,1,1,28,0,0.016027762
model-b,synthetic/q03,3,1,1,29,0,0.080603443
model-b,synthetic/q03,3,1,1,30,1,0.4377973
model-b,synthetic/q03,3,1,1,31,0,0.097737187
model-b,synthetic/q03,3,1,1,32,1,0.22690658
model-b,synthetic/q03,3,1,1,33,0,0.069133798
model-b,synthetic/q03,3,1,1,34,0,0.14853352
model-b,synthetic/q03,3,1,1,35,0,0.052836665
model-b,synthetic/q03,3,1,1,36,0,0.029083927
model-b,synthetic/q03,3,1,2,0,0,0.1111533
model-b,synthetic/q03,3,1,2,1,0,0.065005764
model-b,synthetic/q03,3,1,2,2,0,0.22931266
model-b,synthetic/q03,3,1,2,3,0,0.088886851
model-b,synthetic/q03,3,1,2,4,0,0.029043903
model-b,synthetic/q03,3,1,2,5,0,0.028626032
model-b,synthetic/q03,3,1,2,6,1,0.098338867
model-b,synthetic/q03,3,1,2,7,0,0.50967717
model-b,synthetic/q03,3,1,2,8,1,0.60078141
model-b,synthetic/q03,3,1,2,9,0,0.023343227
model-b,synthetic/q03,3,1,2,10,0,0.12260241
model-b,synthetic/q03,3,1,2,11,0,0.058309691
model-b,synthetic/q03,3,1,2,12,0,0.0062098548
model-b,synthetic/q03,3,1,2,13,0,0.01406721
model-b,synthetic/q03,3,1,2,14,0,0.43784125
model-b,synthetic/q03,3,1,2,15,0,0.2870467
model-b,synthetic/q03,3,1,2,16,0,0.095187056
model-b,synthetic/q03,3,1,2,17,0,0.083521268
model-b,synthetic/q03,3,1,2,18,0,0.36590518
model-b,synthetic/q03,3,1,2,19,0,0.080742834
model-b,synthetic/q03,3,1,2,20,0,0.14934915
model-b,synthetic/q03,3,1,2,21,0,0.029025719
model-b,synthetic/q03,3,1,2,22,1,0.76496883
model-b,synthetic/q03,3,1,2,23,0,0.18707744
model-b,synthetic/q03,3,1,3,0,0,0.035845941
model-b,synthetic/q03,3,1,3,1,0,0.34744951
model-b,synthetic/q03,3,1,3,2,0,0.49523067
model-b,synthetic/q03,3,1,3,3,0,0.19968945
model-b,synthetic/q03,3,1,3,4,1,0.8014946
model-b,synthetic/q03,3,1,3,5,1,0.7114637
model-b,synthetic/q03,3,1,3,6,0,0.29182565
model-b,synthetic/q03,3,1,3,7,0,0.19390776
model-b,synthetic/q03,3,1,3,8,0,0.68025352
model-b,synthetic/q03,3,1,3,9,0,0.075788953
model-b,synthetic/q03,3,1,3,10,0,0.538504
model-b,synthetic/q03,3,1,3,11,0,0.26357025
model-b,synthetic/q03,3,1,3,12,0,0.10489066
model-b,synthetic/q03,3,1,3,13,0,0.05973923
model-b,synthetic/q03,3,1,3,14,0,0.45391331
model-b,synthetic/q03,3,1,3,15,0,0.10739082
model-b,synthetic/q03,3,1,3,16,0,0.12725758
model-b,synthetic/q03,3,1,3,17,0,0.13774831
model-b,synthetic/q03,3,1,3,18,0,0.19089635
model-b,synthetic/q03,3,1,3,19,1,0.8226685
model-b,synthetic/q03,3,1,3,20,0,0.082736264
model-b,synthetic/q03,3,1,3,21,0,0.050554296
model-b,synthetic/q03,3,1,3,22,0,0.28891745
model-b,synthetic/q03,3,1,3,23,0,0.36088989
model-b,synthetic/q03,3,1,3,24,0,0.19588976
model-b,synthetic/q03,3,1,3,25,0,0.20867331
model-b,synthetic/q03,3,2,0,0,0,0.12484569
model-b,synthetic/q03,3,2,0,1,0,0.34132086
model-b,synthetic/q03,3,2,0,2,0,0.11337516
model-b,synthetic/q03,3,2,0,3,0,0.42906209
model-b,synthetic/q03,3,2,0,4,0,0.06252775
model-b,synthetic/q03,3,2,0,5,0,0.0074938605
model-b,synthetic/q03,3,2,0,6,0,0.13635552
model-b,synthetic/q03,3,2,0,7,0,0.34863625
model-b,synthetic/q03,3,2,0,8,0,0.21050496
model-b,synthetic/q03,3,2,0,9,1,0.87887982
model-b,synthetic/q03,3,2,0,10,1,0.28125191
model-b,synthetic/q03,3,2,0,11,0,0.06547475
model-b,synthetic/q03,3,2,0,12,0,0.14218637
model-b,synthetic/q03,3,2,0,13,0,0.39657168
model-b,synthetic/q03,3,2,0,14,0,0.17653518
model-b,synthetic/q03,3,2,0,15,0,0.12504119
model-b,synthetic/q03,3,2,0,16,0,0.098729765
model-b,synthetic/q03,3,2,0,17,0,0.089021613
model-b,synthetic/q03,3,2,0,18,0,0.0093678316
model-b,synthetic/q03,3,2,0,19,0,0.21005801
model-b,synthetic/q03,3,2,1,0,0,0.1748148
model-b,synthetic/q03,3,2,1,1,0,0.055209549
model-b,synthetic/q03,3,2,1,2,0,0.21334406
model-b,synthetic/q03,3,2,1,3,0,0.167016
model-b,synthetic/q03,3,2,1,4,0,0.14929714
model-b,synthetic/q03,3,2,1,5,0,0.38480937
model-b,synthetic/q03,3,2,1,6,0,0.45459222
model-b,synthetic/q03,3,2,1,7,0,0.18384238
model-b,synthetic/q03,3,2,1,8,0,0.19257962
model-b,synthetic/q03,3,2,1,9,0,0.19548598
model-b,synthetic/q03,3,2,1,10,1,0.50970921
model-b,synthetic/q03,3,2,1,11,0,0.30434966
model-b,synthetic/q03,3,2,1,12,0,0.40907133
model-b,synthetic/q03,3,2,1,13,0,0.27263879
model-b,synthetic/q03,3,2,1,14,1,0.18105158
model-b,synthetic/q03,3,2,1,15,0,0.025415275
model-b,synthetic/q03,3,2,1,16,0,0.16440516
model-b,synthetic/q03,3,2,1,17,0,0.37225155
model-b,synthetic/q03,3,2,1,18,0,0.17481996
model-b,synthetic/q03,3,2,1,19,0,0.42647433
model-b,synthetic/q03,3,2,1,20,0,0.123369
model-b,synthetic/q03,3,2,1,21,0,0.65177547
model-b,synthetic/q03,3,2,1,22,0,0.30269324
model-b,synthetic/q03,3,2,1,23,0,0.2328795
model-b,synthetic/q03,3,2,1,24,0,0.17753656
model-b,synthetic/q03,3,2,1,25,0,0.30158215
model-b,synthetic/q03,3,2,1,26,0,0.39686714
model-b,synthetic/q03,3,2,1,27,1,0.48046302
model-b,synthetic/q03,3,2,2,0,0,0.11058749
model-b,synthetic/q03,3,2,2,1,0,0.24260636
model-b,synthetic/q03,3,2,2,2,0,0.74343338
model-b,synthetic/q03,3,2,2,3,1,0.30159576
model-b,synthetic/q03,3,2,2,4,0,0.10107915
model-b,synthetic/q03,3,2,2,5,0,0.082454007
model-b,synthetic/q03,3,2,2,6,0,0.13200089
model-b,synthetic/q03,3,2,2,7,1,0.60445497
model-b,synthetic/q03,3,2,2,8,0,0.12836639
model-b,synthetic/q03,3,2,2,9,0,0.27395541
model-b,synthetic/q03,3,2,2,10,0,0.040212017
model-b,synthetic/q03,3,2,2,11,0,0.22007957
model-b,synthetic/q03,3,2,2,12,0,0.085419502
model-b,synthetic/q03,3,2,2,13,0,0.059759054
model-b,synthetic/q03,3,2,2,14,0,0.2663068
model-b,synthetic/q03,3,2,2,15,0,0.18465051
model-b,synthetic/q03,3,2,2,16,0,0.3805627
model-b,synthetic/q03,3,2,2,17,0,0.14014921
model-b,synthetic/q03,3,2,2,18,0,0.26054005
model-b,synthetic/q03,3,2,2,19,0,0.3237922
model-b,synthetic/q03,3,2,2,20,1,0.5803361
model-b,synthetic/q03,3,2,2,21,0,0.43582004
model-b,synthetic/q03,3,2,2,22,0,0.06410533
model-b,synthetic/q03,3,2,2,23,0,0.16683275
model-b,synthetic/q03,3,2,2,24,0,0.073095836
model-b,synthetic/q03,3,2,2,25,0,0.17753913
model-b,synthetic/q03,3,2,2,26,0,0.054862477
model-b,synthetic/q03,3,2,2,27,0,0.27503335
model-b,synthetic/q03,3,2,2,28,0,0.087542767
model-b,synthetic/q03,3,2,2,29,0,0.32400407
model-b,synthetic/q03,3,2,2,30,0,0.13546379
model-b,synthetic/q03,3,2,2,31,0,0.2467224
model-b,synthetic/q03,3,2,2,32,0,0.2129095
model-b,synthetic/q03,3,2,2,33,0,0.1917898
model-b,synthetic/q03,3,2,2,34,0,0.043606684
model-b,synthetic/q03,3,2,2,35,0,0.25704283
model-b,synthetic/q03,3,2,2,36,1,0.55164494
model-b,synthetic/q03,3,2,2,37,0,0.58947108
model-b,synthetic/q03,3,2,2,38,0,0.17634915
model-b,synthetic/q03,3,2,2,39,0,0.34959147
model-b,synthetic/q03,3,2,3,0,1,0.36350874
model-b,synthetic/q03,3,2,3,1,0,0.2042335
model-b,synthetic/q03,3,2,3,2,0,0.36790847
model-b,synthetic/q03,3,2,3,3,0,0.19512889
model-b,synthetic/q03,3,2,3,4,0,0.23422354
model-b,synthetic/q03,3,2,3,5,0,0.37180227
model-b,synthetic/q03,3,2,3,6,0,0.037309385
model-b,synthetic/q03,3,2,3,7,0,0.10358762
model-b,synthetic/q03,3,2,3,8,0,0.062109214
model-b,synthetic/q03,3,2,3,9,0,0.45382272
model-b,synthetic/q03,3,2,3,10,0,0.025490746
model-b,synthetic/q03,3,2,3,11,0,0.022185405
model-b,synthetic/q03,3,2,3,12,0,0.015353843
model-b,synthetic/q03,3,2,3,13,0,0.096576372
model-b,synthetic/q03,3,2,3,14,0,0.1715467
model-b,synthetic/q03,3,2,3,15,0,0.15947304
model-b,synthetic/q03,3,2,3,16,0,0.010906318
model-b,synthetic/q03,3,2,3,17,0,0.38057488
model-b,synthetic/q03,3,2,3,18,0,0.16469562
model-b,synthetic/q03,3,2,3,19,1,0.57689615
model-b,synthetic/q03,3,2,3,20,0,0.29244473
model-b,synthetic/q03,3,2,3,21,1,0.29292434
model-b,synthetic/q04,4,0,0,0,0,0.072539095
model-b,synthetic/q04,4,0,0,1,0,0.25813771
model-b,synthetic/q04,4,0,0,2,0,0.13743361
model-b,synthetic/q04,4,0,0,3,0,0.12167409
model-b,synthetic/q04,4,0,0,4,0,0.25405113
model-b,synthetic/q04,4,0,0,5,0,0.1820748
model-b,synthetic/q04,4,0,0,6,0,0.3813102
model-b,synthetic/q04,4,0,0,7,0,0.44972304
model-b,synthetic/q04,4,0,0,8,0,0.10726716
model-b,synthetic/q04,4,0,0,9,0,0.22218074
model-b,synthetic/q04,4,0,0,10,0,0.091920535
model-b,synthetic/q04,4,0,0,11,0,0.10869063
model-b,synthetic/q04,4,0,0,12,1,0.67196833
model-b,synthetic/q04,4,0,0,13,0,0.44087078
model-b,synthetic/q04,4,0,0,14,0,0.20626346
model-b,synthetic/q04,4,0,0,15,0,0.57178676
model-b,synthetic/q04,4,0,0,16,0,0.15493675
model-b,synthetic/q04,4,0,0,17,0,0.0043790935
model-b,synthetic/q04,4,0,0,18,0,0.16999021
model-b,synthetic/q04,4,0,0,19,0,0.079955731
model-b,synthetic/q04,4,0,0,20,0,0.42004824
model-b,synthetic/q04,4,0,0,21,1,0.47641025
model-b,synthetic/q04,4,0,0,22,0,0.2810313
model-b,synthetic/q04,4,0,0,23,1,0.40588764
model-b,synthetic/q04,4,0,1,0,0,0.013425864
model-b,synthetic/q04,4,0,1,1,1,0.27341628
model-b,synthetic/q04,4,0,1,2,0,0.2427022
model-b,synthetic/q04,4,0,1,3,0,0.12030642
model-b,synthetic/q04,4,0,1,4,0,0.24258397
model-b,synthetic/q04,4,0,1,5,0,0.38267948
model-b,synthetic/q04,4,0,1,6,0,0.080314824
model-b,synthetic/q04,4,0,1,7,0,0.14936526
model-b,synthetic/q04,4,0,1,8,0,0.24361285
model-b,synthetic/q04,4,0,1,9,0,0.31794552
model-b,synthetic/q04,4,0,1,10,0,0.3151118
model-b,synthetic/q04,4,0,1,11,1,0.46799158
model-b,synthetic/q04,4,0,1,12,0,0.036650455
model-b,synthetic/q04,4,0,1,13,0,0.34155628
model-b,synthetic/q04,4,0,1,14,0,0.016833488
model-b,synthetic/q04,4,0,1,15,0,0.24207466
model-b,synthetic/q04,4,0,1,16,0,0.19633067
model-b,synthetic/q04,4,0,1,17,0,0.10594424
model-b,synthetic/q04,4,0,1,18,0,0.2903146
model-b,synthetic/q04,4,0,1,19,0,0.022283934
model-b,synthetic/q04,4,0,1,20,0,0.12547708
model-b,synthetic/q04,4,0,1,21,0,0.63487154
model-b,synthetic/q04,4,0,1,22,1,0.74318666
model-b,synthetic/q04,4,0,1,23,0,0.14682661
model-b,synthetic/q04,4,0,1,24,0,0.15777952
model-b,synthetic/q04,4,0,1,25,0,0.070001995
model-b,synthetic/q04,4,0,2,0,0,0.03991985
model-b,synthetic/q04,4,0,2,1,0,0.16983897
model-b,synthetic/q04,4,0,2,2,0,0.4068412
model-b,synthetic/q04,4,0,2,3,0,0.16812706
model-b,synthetic/q04,4,0,2,4,0,0.24023415
model-b,synthetic/q04,4,0,2,5,0,0.23764142
model-b,synthetic/q04,4,0,2,6,0,0.1359651
model-b,synthetic/q04,4,0,2,7,1,0.84932305
model-b,synthetic/q04,4,0,2,8,1,0.43518516
model-b,synthetic/q04,4,0,2,9,0,0.42698668
model-b,synthetic/q04,4,0,2,10,0,0.3309804
model-b,synthetic/q04,4,0,2,11,0,0.057148172
model-b,synthetic/q04,4,0,2,12,1,0.20837253
model-b,synthetic/q04,4,0,2,13,0,0.28889873
model-b,synthetic/q04,4,0,2,14,0,0.10177952
model-b,synthetic/q04,4,0,2,15,0,0.31120637
model-b,synthetic/q04,4,0,2,16,0,0.081794038
model-b,synthetic/q04,4,0,2,17,0,0.062835575
model-b,synthetic/q04,4,0,2,18,0,0.15480721
model-b,synthetic/q04,4,0,2,19,0,0.10906814
model-b,synthetic/q04,4,0,2,20,0,0.097084649
model-b,synthetic/q04,4,0,2,21,0,0.096817869
model-b,synthetic/q04,4,0,2,22,1,0.38929458
model-b,synthetic/q04,4,0,2,23,0,0.2143708
model-b,synthetic/q04,4,0,2,24,0,0.030455815
model-b,synthetic/q04,4,0,2,25,0,0.13476861
model-b,synthetic/q04,4,0,2,26,0,0.15654383
model-b,synthetic/q04,4,0,2,27,0,0.40251666
model-b,synthetic/q04,4,0,2,28,0,0.23180674
model-b,synthetic/q04,4,0,2,29,0,0.032442818
model-b,synthetic/q04,4,0,2,30,0,0.1148709
model-b,synthetic/q04,4,0,2,31,0,0.07518376
model-b,synthetic/q04,4,0,2,32,0,0.031800101
model-b,synthetic/q04,4,0,2,33,0,0.35984391
model-b,synthetic/q04,4,0,3,0,0,0.15604801
model-b,synthetic/q04,4,0,3,1,0,0.12334966
model-b,synthetic/q04,4,0,3,2,0,0.16098586
model-b,synthetic/q04,4,0,3,3,0,0.33190789
model-b,synthetic/q04,4,0,3,4,0,0.51702186
model-b,synthetic/q04,4,0,3,5,0,0.054803369
model-b,synthetic/q04,4,0,3,6,0,0.5198198
model-b,synthetic/q04,4,0,3,7,0,0.31390829
model-b,synthetic/q04,4,0,3,8,0,0.13539928
model-b,synthetic/q04,4,0,3,9,1,0.87434744
model-b,synthetic/q04,4,0,3,10,0,0.17926346
model-b,synthetic/q04,4,0,3,11,0,0.011147772
model-b,synthetic/q04,4,0,3,12,0,0.62086042
model-b,synthetic/q04,4,0,3,13,0,0.3758577
model-b,synthetic/q04,4,0,3,14,0,0.25800849
model-b,synthetic/q04,4,0,3,15,0,0.33869847
model-b,synthetic/q04,4,0,3,16,0,0.12194746
model-b,synthetic/q04,4,0,3,17,1,0.6817191
model-b,synthetic/q04,4,0,3,18,0,0.19009979
model-b,synthetic/q04,4,0,3,19,0,0.4359199
model-b,synthetic/q04,4,0,3,20,0,0.24599943
model-b,synthetic/q04,4,0,3,21,0,0.5976086
model-b,synthetic/q04,4,0,3,22,0,0.21089586
model-b,synthetic/q04,4,0,3,23,1,0.5172049
model-b,synthetic/q04,4,0,3,24,0,0.16178667
model-b,synthetic/q04,4,0,3,25,0,0.23354951
model-b,synthetic/q04,4,0,3,26,0,0.21996044
model-b,synthetic/q04,4,0,3,27,0,0.35939863
model-b,synthetic/q04,4,0,3,28,0,0.41997179
model-b,synthetic/q04,4,0,3,29,0,0.54878365
model-b,synthetic/q04,4,0,3,30,0,0.621752
model-b,synthetic/q04,4,0,3,31,0,0.060750731
model-b,synthetic/q04,4,0,3,32,0,0.363953
model-b,synthetic/q04,4,0,3,33,0,0.035870374
model-b,synthetic/q04,4,0,3,34,1,0.58857031
model-b,synthetic/q04,4,0,3,35,0,0.61232618
model-b,synthetic/q04,4,0,3,36,0,0.1486631
model-b,synthetic/q04,4,0,3,37,0,0.051496653
model-b,synthetic/q04,4,0,3,38,0,0.16201226
model-b,synthetic/q04,4,0,3,39,0,0.35190934
model-b,synthetic/q04,4,1,0,0,1,0.51571923
model-b,synthetic/q04,4,1,0,1,0,0.2930839
model-b,synthetic/q04,4,1,0,2,0,0.2464393
model-b,synthetic/q04,4,1,0,3,0,0.077995519
model-b,synthetic/q04,4,1,0,4,0,0.43765709
model-b,synthetic/q04,4,1,0,5,0,0.12953428
model-b,synthetic/q04,4,1,0,6,0,0.059483701
model-b,synthetic/q04,4,1,0,7,1,0.57859573
model-b,synthetic/q04,4,1,0,8,0,0.20506366
model-b,synthetic/q04,4,1,0,9,0,0.14073688
model-b,synthetic/q04,4,1,0,10,0,0.099268277
model-b,synthetic/q04,4,1,0,11,0,0.3249535
model-b,synthetic/q04,4,1,0,12,0,0.20385658
model-b,synthetic/q04,4,1,0,13,0,0.23060368
model-b,synthetic/q04,4,1,0,14,0,0.31474376
model-b,synthetic/q04,4,1,0,15,1,0.52883107
model-b,synthetic/q04,4,1,0,16,0,0.30870541
model-b,synthetic/q04,4,1,0,17,0,0.10793574
model-b,synthetic/q04,4,1,0,18,0,0.67157558
model-b,synthetic/q04,4,1,0,19,0,0.040784103
model-b,synthetic/q04,4,1,0,20,0,0.38165068
model-b,synthetic/q04,4,1,0,21,0,0.043066986
model-b,synthetic/q04,4,1,0,22,0,0.29386269
model-b,synthetic/q04,4,1,0,23,0,0.44210899
model-b,synthetic/q04,4,1,1,0,0,0.059743782
model-b,synthetic/q04,4,1,1,1,0,0.5165649
model-b,synthetic/q04,4,1,1,2,0,0.23027799
model-b,synthetic/q04,4,1,1,3,0,0.16959409
model-b,synthetic/q04,4,1,1,4,0,0.184399
model-b,synthetic/q04,4,1,1,5,0,0.1880912
model-b,synthetic/q04,4,1,1,6,1,0.27737218
model-b,synthetic/q04,4,1,1,7,1,0.38398425
model-b,synthetic/q04,4,1,1,8,1,0.43681841
model-b,synthetic/q04,4,1,1,9,0,0.015656649
model-b,synthetic/q04,4,1,1,10,0,0.046929178
model-b,synthetic/q04,4,1,1,11,0,0.044575829
model-b,synthetic/q04,4,1,1,12,0,0.1088782
model-b,synthetic/q04,4,1,1,13,0,0.50734534
model-b,synthetic/q04,4,1,1,14,0,0.26978982
model-b,synthetic/q04,4,1,1,15,0,0.042712421
model-b,synthetic/q04,4,1,1,16,0,0.65126826
model-b,synthetic/q04,4,1,1,17,0,0.766927
model-b,synthetic/q04,4,1,1,18,0,0.44923371
model-b,synthetic/q04,4,1,1,19,0,0.18035764
model-b,synthetic/q04,4,1,1,20,0,0.047914111
model-b,synthetic/q04,4,1,1,21,0,0.16529767
model-b,synthetic/q04,4,1,1,22,0,0.26427701
model-b,synthetic/q04,4,1,1,23,0,0.58530188
model-b,synthetic/q04,4,1,1,24,0,0.43454638
model-b,synthetic/q04,4,1,2,0,0,0.078704788
model-b,synthetic/q04,4,1,2,1,0,0.72231384
model-b,synthetic/q04,4,1,2,2,1,0.42208007
model-b,synthetic/q04,4,1,2,3,0,0.46900705
model-b,synthetic/q04,4,1,2,4,0,0.18426208
model-b,synthetic/q04,4,1,2,5,0,0.044285513
model-b,synthetic/q04,4,1,2,6,0,0.21546154
model-b,synthetic/q04,4,1,2,7,0,0.06418179
model-b,synthetic/q04,4,1,2,8,0,0.38024511
model-b,synthetic/q04,4,1,2,9,1,0.45844661
model-b,synthetic/q04,4,1,2,10,0,0.23583135
model-b,synthetic/q04,4,1,2,11,1,0.84328463
model-b,synthetic/q04,4,1,2,12,0,0.067339465
model-b,synthetic/q04,4,1,2,13,0,0.72336003
model-b,synthetic/q04,4,1,2,14,0,0.083060003
model-b,synthetic/q04,4,1,2,15,0,0.1473068
model-b,synthetic/q04,4,1,2,16,0,0.28044728
model-b,synthetic/q04,4,1,2,17,0,0.072337571
model-b,synthetic/q04,4,1,2,18,0,0.099488453
model-b,synthetic/q04,4,1,2,19,1,0.86170877
model-b,synthetic/q04,4,1,2,20,0,0.08560736
model-b,synthetic/q04,4,1,2,21,0,0.22052809
model-b,synthetic/q04,4,1,2,22,0,0.15670146
model-b,synthetic/q04,4,1,2,23,0,0.066033835
model-b,synthetic/q04,4,1,2,24,0,0.5723211
model-b,synthetic/q04,4,1,2,25,0,0.032326279
model-b,synthetic/q04,4,1,2,26,0,0.10336783
model-b,synthetic/q04,4,1,2,27,0,0.43786065
model-b,synthetic/q04,4,1,2,28,0,0.37420949
model-b,synthetic/q04,4,1,2,29,0,0.27251514
model-b,synthetic/q04,4,1,2,30,0,0.079252486
model-b,synthetic/q04,4,1,2,31,0,0.045450467
model-b,synthetic/q04,4,1,2,32,0,0.47655967
model-b,synthetic/q04,4,1,2,33,0,0.12060753
model-b,synthetic/q04,4,1,2,34,0,0.24161399
model-b,synthetic/q04,4,1,3,0,0,0.10529148
model-b,synthetic/q04,4,1,3,1,0,0.055449438
model-b,synthetic/q04,4,1,3,2,0,0.051514472
model-b,synthetic/q04,4,1,3,3,0,0.089161848
model-b,synthetic/q04,4,1,3,4,0,0.3852346
model-b,synthetic/q04,4,1,3,5,0,0.12860857
model-b,synthetic/q04,4,1,3,6,0,0.014558201
model-b,synthetic/q04,4,1,3,7,0,0.36465255
model-b,synthetic/q04,4,1,3,8,0,0.031547451
model-b,synthetic/q04,4,1,3,9,0,0.1402503
model-b,synthetic/q04,4,1,3,10,0,0.25875223
model-b,synthetic/q04,4,1,3,11,0,0.003248552
model-b,synthetic/q04,4,1,3,12,0,0.25214441
model-b,synthetic/q04,4,1,3,13,0,0.15225754
model-b,synthetic/q04,4,1,3,14,0,0.22218058
model-b,synthetic/q04,4,1,3,15,1,0.75500346
model-b,synthetic/q04,4,1,3,16,0,0.47990746
model-b,synthetic/q04,4,1,3,17,0,0.16931362
model-b,synthetic/q04,4,1,3,18,0,0.01852432
model-b,synthetic/q04,4,1,3,19,1,0.32008049
model-b,synthetic/q04,4,1,3,20,0,0.31465072
model-b,synthetic/q04,4,1,3,21,0,0.15942474
model-b,synthetic/q04,4,1,3,22,0,0.32906466
model-b,synthetic/q04,4,1,3,23,0,0.07104289
model-b,synthetic/q04,4,1,3,24,0,0.044296717
model-b,synthetic/q04,4,1,3,25,0,0.31254577
model-b,synthetic/q04,4,1,3,26,0,0.021571826
model-b,synthetic/q04,4,1,3,27,0,0.56920517
model-b,synthetic/q04,4,1,3,28,1,0.3678214
model-b,synthetic/q04,4,2,0,0,0,0.079298621
model-b,synthetic/q04,4,2,0,1,0,0.062631369
model-b,synthetic/q04,4,2,0,2,0,0.20081858
model-b,synthetic/q04,4,2,0,3,0,0.38085395
model-b,synthetic/q04,4,2,0,4,0,0.40221089
model-b,synthetic/q04,4,2,0,5,0,0.085364717
model-b,synthetic/q04,4,2,0,6,0,0.22444753
model-b,synthetic/q04,4,2,0,7,0,0.10858436
model-b,synthetic/q04,4,2,0,8,0,0.051088589
model-b,synthetic/q04,4,2,0,9,0,0.10969042
model-b,synthetic/q04,4,2,0,10,0,0.38658094
model-b,synthetic/q04,4,2,0,11,0,0.0063064984
model-b,synthetic/q04,4,2,0,12,0,0.21441463
model-b,synthetic/q04,4,2,0,13,0,0.081570471
model-b,synthetic/q04,4,2,0,14,1,0.39564607
model-b,synthetic/q04,4,2,0,15,0,0.54654888
model-b,synthetic/q04,4,2,0,16,0,0.071294507
model-b,synthetic/q04,4,2,0,17,0,0.04808428
model-b,synthetic/q04,4,2,0,18,0,0.053099289
model-b,synthetic/q04,4,2,0,19,1,0.52137637
model-b,synthetic/q04,4,2,0,20,0,0.032867555
model-b,synthetic/q04,4,2,0,21,0,0.14782218
model-b,synthetic/q04,4,2,0,22,0,0.33299278
model-b,synthetic/q04,4,2,0,23,0,0.089667765
model-b,synthetic/q04,4,2,0,24,0,0.23214677
model-b,synthetic/q04,4,2,0,25,0,0.036476259
model-b,synthetic/q04,4,2,0,26,1,0.45644241
model-b,synthetic/q04,4,2,0,27,1,0.68105295
model-b,synthetic/q04,4,2,0,28,0,0.14923292
model-b,synthetic/q04,4,2,0,29,0,0.066461445
model-b,synthetic/q04,4,2,0,30,0,0.37950961
model-b,synthetic/q04,4,2,0,31,0,0.25122751
model-b,synthetic/q04,4,2,0,32,0,0.42781343
model-b,synthetic/q04,4,2,0,33,0,0.21814838
model-b,synthetic/q04,4,2,0,34,0,0.49321054
model-b,synthetic/q04,4,2,0,35,0,0.5365707
model-b,synthetic/q04,4,2,1,0,0,0.20249981
model-b,synthetic/q04,4,2,1,1,0,0.081598468
model-b,synthetic/q04,4,2,1,2,0,0.22926369
model-b,synthetic/q04,4,2,1,3,0,0.35454517
model-b,synthetic/q04,4,2,1,4,1,0.23632306
model-b,synthetic/q04,4,2,1,5,0,0.21773315
model-b,synthetic/q04,4,2,1,6,0,0.07920876
model-b,synthetic/q04,4,2,1,7,0,0.28334071
model-b,synthetic/q04,4,2,1,8,0,0.059964267
model-b,synthetic/q04,4,2,1,9,0,0.39023883
model-b,synthetic/q04,4,2,1,10,0,0.16795538
model-b,synthetic/q04,4,2,1,11,0,0.042588003
model-b,synthetic/q04,4,2,1,12,1,0.25414421
model-b,synthetic/q04,4,2,1,13,0,0.10925585
model-b,synthetic/q04,4,2,1,14,0,0.40478965
model-b,synthetic/q04,4,2,1,15,0,0.091318031
model-b,synthetic/q04,4,2,1,16,0,0.5357863
model-b,synthetic/q04,4,2,1,17,0,0.4483027
model-b,synthetic/q04,4,2,1,18,0,0.07476316
model-b,synthetic/q04,4,2,1,19,0,0.2021797
model-b,synthetic/q04,4,2,1,20,0,0.15660556
model-b,synthetic/q04,4,2,1,21,0,0.11707468
model-b,synthetic/q04,4,2,1,22,1,0.24705049
model-b,synthetic/q04,4,2,1,23,0,0.24446063
model-b,synthetic/q04,4,2,1,24,0,0.12588089
model-b,synthetic/q04,4,2,2,0,0,0.21153245
model-b,synthetic/q04,4,2,2,1,0,0.20730188
model-b,synthetic/q04,4,2,2,2,0,0.11808482
model-b,synthetic/q04,4,2,2,3,0,0.088626576
model-b,synthetic/q04,4,2,2,4,0,0.27378481
model-b,synthetic/q04,4,2,2,5,0,0.13304395
model-b,synthetic/q04,4,2,2,6,0,0.027520331
model-b,synthetic/q04,4,2,2,7,0,0.17872408
model-b,synthetic/q04,4,2,2,8,0,0.40551453
model-b,synthetic/q04,4,2,2,9,1,0.37817447
model-b,synthetic/q04,4,2,2,10,0,0.65238844
model-b,synthetic/q04,4,2,2,11,0,0.43392406
model-b,synthetic/q04,4,2,2,12,0,0.31240978
model-b,synthetic/q04,4,2,2,13,1,0.78236795
model-b,synthetic/q04,4,2,2,14,0,0.49410284
model-b,synthetic/q04,4,2,2,15,0,0.50386974
model-b,synthetic/q04,4,2,2,16,0,0.26744049
model-b,synthetic/q04,4,2,2,17,0,0.29745837
model-b,synthetic/q04,4,2,2,18,0,0.02531584
model-b,synthetic/q04,4,2,2,19,0,0.05382393
model-b,synthetic/q04,4,2,2,20,0,0.03729528
model-b,synthetic/q04,4,2,2,21,0,0.10691936
model-b,synthetic/q04,4,2,2,22,0,0.35220252
model-b,synthetic/q04,4,2,2,23,0,0.25009844
model-b,synthetic/q04,4,2,2,24,1,0.47737597
model-b,synthetic/q04,4,2,2,25,0,0.2720098
model-b,synthetic/q04,4,2,2,26,0,0.023381262
model-b,synthetic/q04,4,2,2,27,0,0.14119337
model-b,synthetic/q04,4,2,2,28,0,0.29394518
model-b,synthetic/q04,4,2,2,29,0,0.095246767
model-b,synthetic/q04,4,2,2,30,0,0.20664278
model-b,synthetic/q04,4,2,2,31,0,0.14291814
model-b,synthetic/q04,4,2,2,32,0,0.19627375
model-b,synthetic/q04,4,2,2,33,1,0.84269213
model-b,synthetic/q04,4,2,2,34,0,0.13955077
model-b,synthetic/q04,4,2,2,35,0,0.17784634
model-b,synthetic/q04,4,2,2,36,0,0.05443807
model-b,synthetic/q04,4,2,3,0,0,0.068350141
model-b,synthetic/q04,4,2,3,1,0,0.15686287
model-b,synthetic/q04,4,2,3,2,1,0.55209123
model-b,synthetic/q04,4,2,3,3,0,0.34948322
model-b,synthetic/q04,4,2,3,4,0,0.092532178
model-b,synthetic/q04,4,2,3,5,0,0.66027115
model-b,synthetic/q04,4,2,3,6,0,0.12042774
model-b,synthetic/q04,4,2,3,7,1,0.88539221
model-b,synthetic/q04,4,2,3,8,0,0.523126
model-b,synthetic/q04,4,2,3,9,1,0.7139372
model-b,synthetic/q04,4,2,3,10,0,0.52235141
model-b,synthetic/q04,4,2,3,11,0,0.18014618
model-b,synthetic/q04,4,2,3,12,0,0.10187016
model-b,synthetic/q04,4,2,3,13,0,0.36812299
model-b,synthetic/q04,4,2,3,14,0,0.21578031
model-b,synthetic/q04,4,2,3,15,0,0.03185813
model-b,synthetic/q04,4,2,3,16,0,0.13704075
model-b,synthetic/q04,4,2,3,17,0,0.20902159
model-b,synthetic/q04,4,2,3,18,0,0.12583939
model-b,synthetic/q04,4,2,3,19,0,0.23514168
model-b,synthetic/q04,4,2,3,20,0,0.48742498
model-b,synthetic/q05,5,0,0,0,0,0.031258475
model-b,synthetic/q05,5,0,0,1,0,0.19154096
model-b,synthetic/q05,5,0,0,2,0,0.38319502
model-b,synthetic/q05,5,0,0,3,0,0.24483844
model-b,synthetic/q05,5,0,0,4,1,0.63385565
model-b,synthetic/q05,5,0,0,5,0,0.034678339
model-b,synthetic/q05,5,0,0,6,0,0.21302845
model-b,synthetic/q05,5,0,0,7,0,0.14368727
model-b,synthetic/q05,5,0,0,8,0,0.039571524
model-b,synthetic/q05,5,0,0,9,0,0.11020326
model-b,synthetic/q05,5,0,0,10,0,0.1509213
model-b,synthetic/q05,5,0,0,11,0,0.23027012
model-b,synthetic/q05,5,0,0,12,0,0.41940905
model-b,synthetic/q05,5,0,0,13,0,0.37091676
model-b,synthetic/q05,5,0,0,14,0,0.51220794
model-b,synthetic/q05,5,0,0,15,0,0.063497
model-b,synthetic/q05,5,0,0,16,0,0.31873632
model-b,synthetic/q05,5,0,0,17,0,0.4752227
model-b,synthetic/q05,5,0,0,18,1,0.47832962
model-b,synthetic/q05,5,0,0,19,0,0.091359961
model-b,synthetic/q05,5,0,0,20,0,0.038473021
model-b,synthetic/q05,5,0,0,21,0,0.02162808
model-b,synthetic/q05,5,0,0,22,0,0.47897353
model-b,synthetic/q05,5,0,0,23,0,0.069516933
model-b,synthetic/q05,5,0,0,24,0,0.24393153
model-b,synthetic/q05,5,0,0,25,0,0.051479012
model-b,synthetic/q05,5,0,0,26,0,0.34494562
model-b,synthetic/q05,5,0,0,27,0,0.0065544563
model-b,synthetic/q05,5,0,0,28,0,0.0084515833
model-b,synthetic/q05,5,0,0,29,0,0.43562616
model-b,synthetic/q05,5,0,0,30,1,0.72859533
model-b,synthetic/q05,5,0,0,31,0,0.083177396
model-b,synthetic/q05,5,0,0,32,1,0.57328796
model-b,synthetic/q05,5,0,0,33,0,0.10039585
model-b,synthetic/q05,5,0,0,34,0,0.38130945
model-b,synthetic/q05,5,0,0,35,0,0.024318636
model-b,synthetic/q05,5,0,0,36,0,0.24754598
model-b,synthetic/q05,5,0,1,0,0,0.61393488
model-b,synthetic/q05,5,0,1,1,0,0.16396654
model-b,synthetic/q05,5,0,1,2,1,0.7625348
model-b,synthetic/q05,5,0,1,3,0,0.53027392
model-b,synthetic/q05,5,0,1,4,0,0.10796068
model-b,synthetic/q05,5,0,1,5,1,0.65364153
model-b,synthetic/q05,5,0,1,6,0,0.20443724
model-b,synthetic/q05,5,0,1,7,0,0.034556602
model-b,synthetic/q05,5,0,1,8,0,0.28571509
model-b,synthetic/q05,5,0,1,9,0,0.20196135
model-b,synthetic/q05,5,0,1,10,0,0.30605052
model-b,synthetic/q05,5,0,1,11,0,0.46433455
model-b,synthetic/q05,5,0,1,12,0,0.07072864
model-b,synthetic/q05,5,0,1,13,0,0.18137769
model-b,synthetic/q05,5,0,1,14,0,0.3015416
model-b,synthetic/q05,5,0,1,15,0,0.3871727
model-b,synthetic/q05,5,0,1,16,0,0.22992187
model-b,synthetic/q05,5,0,1,17,0,0.4576859
model-b,synthetic/q05,5,0,1,18,0,0.3033676
model-b,synthetic/q05,5,0,1,19,0,0.10196973
model-b,synthetic/q05,5,0,1,20,0,0.26942383
model-b,synthetic/q05,5,0,1,21,0,0.085537526
model-b,synthetic/q05,5,0,1,22,0,0.083220686
model-b,synthetic/q05,5,0,1,23,0,0.40567568
model-b,synthetic/q05,5,0,1,24,0,0.14701705
model-b,synthetic/q05,5,0,1,25,0,0.13039305
model-b,synthetic/q05,5,0,1,26,0,0.29374205
model-b,synthetic/q05,5,0,1,27,1,0.41916258
model-b,synthetic/q05,5,0,1,28,0,0.36906079
model-b,synthetic/q05,5,0,1,29,0,0.089951813
model-b,synthetic/q05,5,0,1,30,0,0.191993
model-b,synthetic/q05,5,0,1,31,0,0.046754435
model-b,synthetic/q05,5,0,1,32,1,0.72256691
model-b,synthetic/q05,5,0,1,33,0,0.74361369
model-b,synthetic/q05,5,0,1,34,0,0.25806788
model-b,synthetic/q05,5,0,1,35,0,0.017347878
model-b,synthetic/q05,5,0,1,36,0,0.059588816
model-b,synthetic/q05,5,0,1,37,0,0.11975344
model-b,synthetic/q05,5,0,2,0,0,0.052628961
model-b,synthetic/q05,5,0,2,1,0,0.24907832
model-b,synthetic/q05,5,0,2,2,0,0.31757365
model-b,synthetic/q05,5,0,2,3,0,0.1288525
model-b,synthetic/q05,5,0,2,4,0,0.25222675
model-b,synthetic/q05,5,0,2,5,0,0.090236995
model-b,synthetic/q05,5,0,2,6,0,0.19673341
model-b,synthetic/q05,5,0,2,7,0,0.29146095
model-b,synthetic/q05,5,0,2,8,0,0.18790483
model-b,synthetic/q05,5,0,2,9,0,0.18278167
model-b,synthetic/q05,5,0,2,10,1,0.26479597
model-b,synthetic/q05,5,0,2,11,0,0.067314351
model-b,synthetic/q05,5,0,2,12,0,0.048518504
model-b,synthetic/q05,5,0,2,13,0,0.23061097
model-b,synthetic/q05,5,0,2,14,0,0.01636532
model-b,synthetic/q05,5,0,2,15,0,0.13131516
model-b,synthetic/q05,5,0,2,16,0,0.17153534
model-b,synthetic/q05,5,0,2,17,0,0.024413082
model-b,synthetic/q05,5,0,2,18,1,0.70202906
model-b,synthetic/q05,5,0,2,19,0,0.11225403
model-b,synthetic/q05,5,0,2,20,0,0.36430217
model-b,synthetic/q05,5,0,2,21,0,0.10016964
model-b,synthetic/q05,5,0,2,22,0,0.1318467
model-b,synthetic/q05,5,0,2,23,0,0.044657888
model-b,synthetic/q05,5,0,2,24,0,0.38274037
model-b,synthetic/q05,5,0,2,25,1,0.33853429
model-b,synthetic/q05,5,0,2,26,0,0.10023402
model-b,synthetic/q05,5,0,2,27,0,0.060669571
model-b,synthetic/q05,5,0,2,28,0,0.059874204
model-b,synthetic/q05,5,0,2,29,0,0.21722742
model-b,synthetic/q05,5,0,2,30,0,0.2079511
model-b,synthetic/q05,5,0,2,31,0,0.41125494
model-b,synthetic/q05,5,0,2,32,1,0.13670881
model-b,synthetic/q05,5,0,2,33,0,0.14229543
model-b,synthetic/q05,5,0,2,34,0,0.049557378
model-b,synthetic/q05,5,0,2,35,0,0.27346068
model-b,synthetic/q05,5,0,2,36,0,0.04562181
model-b,synthetic/q05,5,0,2,37,0,0.087541866
model-b,synthetic/q05,5,0,2,38,0,0.20377164
model-b,synthetic/q05,5,0,3,0,0,0.03476748
model-b,synthetic/q05,5,0,3,1,1,0.57758385
model-b,synthetic/q05,5,0,3,2,0,0.10326647
model-b,synthetic/q05,5,0,3,3,0,0.24218422
model-b,synthetic/q05,5,0,3,4,0,0.18845581
model-b,synthetic/q05,5,0,3,5,0,0.012646446
model-b,synthetic/q05,5,0,3,6,0,0.066384306
model-b,synthetic/q05,5,0,3,7,0,0.014293238
model-b,synthetic/q05,5,0,3,8,0,0.44189667
model-b,synthetic/q05,5,0,3,9,0,0.0076457262
model-b,synthetic/q05,5,0,3,10,0,0.074178868
model-b,synthetic/q05,5,0,3,11,0,0.36956596
model-b,synthetic/q05,5,0,3,12,1,0.52618329
model-b,synthetic/q05,5,0,3,13,0,0.29255586
model-b,synthetic/q05,5,0,3,14,0,0.22538682
model-b,synthetic/q05,5,0,3,15,0,0.14243348
model-b,synthetic/q05,5,0,3,16,0,0.087569387
model-b,synthetic/q05,5,0,3,17,0,0.34536618
model-b,synthetic/q05,5,0,3,18,0,0.018626056
model-b,synthetic/q05,5,0,3,19,1,0.74816873
model-b,synthetic/q05,5,0,3,20,0,0.46692607
model-b,synthetic/q05,5,0,3,21,0,0.21152747
model-b,synthetic/q05,5,0,3,22,0,0.32330116
model-b,synthetic/q05,5,0,3,23,0,0.053611224
model-b,synthetic/q05,5,0,3,24,0,0.63462441
model-b,synthetic/q05,5,0,3,25,0,0.043545306
model-b,synthetic/q05,5,0,3,26,0,0.21932504
model-b,synthetic/q05,5,0,3,27,0,0.33061558
model-b,synthetic/q05,5,0,3,28,0,0.098122285
model-b,synthetic/q05,5,0,3,29,0,0.58929918
model-b,synthetic/q05,5,0,3,30,0,0.2929871
model-b,synthetic/q05,5,0,3,31,0,0.022847022
model-b,synthetic/q05,5,0,3,32,0,0.023684051
model-b,synthetic/q05,5,0,3,33,1,0.78367031
model-b,synthetic/q05,5,0,3,34,0,0.24939233
model-b,synthetic/q05,5,1,0,0,0,0.050177988
model-b,synthetic/q05,5,1,0,1,0,0.20700806
model-b,synthetic/q05,5,1,0,2,1,0.7522226
model-b,synthetic/q05,5,1,0,3,0,0.18326119
model-b,synthetic/q05,5,1,0,4,0,0.44085652
model-b,synthetic/q05,5,1,0,5,0,0.12858948
model-b,synthetic/q05,5,1,0,6,0,0.19733483
model-b,synthetic/q05,5,1,0,7,0,0.10318059
model-b,synthetic/q05,5,1,0,8,0,0.16455308
model-b,synthetic/q05,5,1,0,9,0,0.057259125
model-b,synthetic/q05,5,1,0,10,0,0.36114253
model-b,synthetic/q05,5,1,0,11,0,0.21273159
model-b,synthetic/q05,5,1,0,12,0,0.23392344
model-b,synthetic/q05,5,1,0,13,0,0.38260979
model-b,synthetic/q05,5,1,0,14,1,0.43451109
model-b,synthetic/q05,5,1,0,15,0,0.0206455
model-b,synthetic/q05,5,1,0,16,0,0.098100758
model-b,synthetic/q05,5,1,0,17,0,0.3138578
model-b,synthetic/q05,5,1,0,18,0,0.20385997
model-b,synthetic/q05,5,1,0,19,0,0.057456927
model-b,synthetic/q05,5,1,0,20,0,0.13696622
model-b,synthetic/q05,5,1,0,21,1,0.16753303
model-b,synthetic/q05,5,1,1,0,0,0.15713539
model-b,synthetic/q05,5,1,1,1,0,0.14006297
model-b,synthetic/q05,5,1,1,2,0,0.2542053
model-b,synthetic/q05,5,1,1,3,1,0.63786549
model-b,synthetic/q05,5,1,1,4,0,0.25291314
model-b,synthetic/q05,5,1,1,5,0,0.29052179
model-b,synthetic/q05,5,1,1,6,0,0.48009758
model-b,synthetic/q05,5,1,1,7,0,0.16910707
model-b,synthetic/q05,5,1,1,8,1,0.22576752
model-b,synthetic/q05,5,1,1,9,0,0.2532658
model-b,synthetic/q05,5,1,1,10,0,0.32523027
model-b,synthetic/q05,5,1,1,11,0,0.06519821
model-b,synthetic/q05,5,1,1,12,0,0.36898848
model-b,synthetic/q05,5,1,1,13,0,0.13715094
model-b,synthetic/q05,5,1,1,14,0,0.07133974
model-b,synthetic/q05,5,1,1,15,0,0.10540227
model-b,synthetic/q05,5,1,1,16,0,0.51772855
model-b,synthetic/q05,5,1,1,17,0,0.38227263
model-b,synthetic/q05,5,1,1,18,0,0.36893721
model-b,synthetic/q05,5,1,1,19,0,0.31546535
model-b,synthetic/q05,5,1,1,20,1,0.30017755
model-b,synthetic/q05,5,1,2,0,0,0.0079561876
model-b,synthetic/q05,5,1,2,1,1,0.57842225
model-b,synthetic/q05,5,1,2,2,0,0.29986489
model-b,synthetic/q05,5,1,2,3,0,0.32943982
model-b,synthetic/q05,5,1,2,4,0,0.41111065
model-b,synthetic/q05,5,1,2,5,0,0.28952844
model-b,synthetic/q05,5,1,2,6,0,0.099785095
model-b,synthetic/q05,5,1,2,7,0,0.15172518
model-b,synthetic/q05,5,1,2,8,0,0.62483006
model-b,synthetic/q05,5,1,2,9,0,0.082549098
model-b,synthetic/q05,5,1,2,10,0,0.53148919
model-b,synthetic/q05,5,1,2,11,0,0.21705826
model-b,synthetic/q05,5,1,2,12,0,0.25600672
model-b,synthetic/q05,5,1,2,13,0,0.045827123
model-b,synthetic/q05,5,1,2,14,1,0.54618954
model-b,synthetic/q05,5,1,2,15,0,0.31267196
model-b,synthetic/q05,5,1,2,16,0,0.056315358
model-b,synthetic/q05,5,1,2,17,0,0.25631377
model-b,synthetic/q05,5,1,2,18,0,0.20382407
model-b,synthetic/q05,5,1,2,19,0,0.012124838
model-b,synthetic/q05,5,1,2,20,1,0.52122833
model-b,synthetic/q05,5,1,3,0,0,0.041932025
model-b,synthetic/q05,5,1,3,1,0,0.25864239
model-b,synthetic/q05,5,1,3,2,0,0.029596783
model-b,synthetic/q05,5,1,3,3,0,0.12289143
model-b,synthetic/q05,5,1,3,4,0,0.023628449
model-b,synthetic/q05,5,1,3,5,1,0.79471149
model-b,synthetic/q05,5,1,3,6,0,0.27071901
model-b,synthetic/q05,5,1,3,7,0,0.28493528
model-b,synthetic/q05,5,1,3,8,0,0.037421919
model-b,synthetic/q05,5,1,3,9,0,0.044786544
model-b,synthetic/q05,5,1,3,10,0,0.25080071
model-b,synthetic/q05,5,1,3,11,0,0.15128305
model-b,synthetic/q05,5,1,3,12,0,0.80007907
model-b,synthetic/q05,5,1,3,13,0,0.036069016
model-b,synthetic/q05,5,1,3,14,0,0.36222667
model-b,synthetic/q05,5,1,3,15,0,0.29073556
model-b,synthetic/q05,5,1,3,16,1,0.69094492
model-b,synthetic/q05,5,1,3,17,0,0.35216775
model-b,synthetic/q05,5,1,3,18,0,0.092143996
model-b,synthetic/q05,5,1,3,19,0,0.23896221
model-b,synthetic/q05,5,1,3,20,0,0.034205204
model-b,synthetic/q05,5,1,3,21,0,0.037005141
model-b,synthetic/q05,5,1,3,22,0,0.17251916
model-b,synthetic/q05,5,1,3,23,0,0.14495983
model-b,synthetic/q05,5,1,3,24,0,0.068358917
model-b,synthetic/q05,5,1,3,25,0,0.22758728
model-b,synthetic/q05,5,1,3,26,0,0.17270875
model-b,synthetic/q05,5,1,3,27,1,0.19250342
model-b,synthetic/q05,5,1,3,28,0,0.48441652
model-b,synthetic/q05,5,2,0,0,0,0.047831543
model-b,synthetic/q05,5,2,0,1,0,0.024247671
model-b,synthetic/q05,5,2,0,2,0,0.13667343
model-b,synthetic/q05,5,2,0,3,1,0.25341584
model-b,synthetic/q05,5,2,0,4,0,0.15257695
model-b,synthetic/q05,5,2,0,5,0,0.27479881
model-b,synthetic/q05,5,2,0,6,0,0.05058979
model-b,synthetic/q05,5,2,0,7,0,0.1201326
model-b,synthetic/q05,5,2,0,8,0,0.014301554
model-b,synthetic/q05,5,2,0,9,0,0.38187153
model-b,synthetic/q05,5,2,0,10,0,0.2763789
model-b,synthetic/q05,5,2,0,11,0,0.060399416
model-b,synthetic/q05,5,2,0,12,0,0.037869226
model-b,synthetic/q05,5,2,0,13,0,0.01398541
model-b,synthetic/q05,5,2,0,14,0,0.39236485
model-b,synthetic/q05,5,2,0,15,0,0.48327046
model-b,synthetic/q05,5,2,0,16,0,0.28342784
model-b,synthetic/q05,5,2,0,17,0,0.19792874
model-b,synthetic/q05,5,2,0,18,0,0.21639565
model-b,synthetic/q05,5,2,0,19,0,0.14025319
model-b,synthetic/q05,5,2,0,20,0,0.33505914
model-b,synthetic/q05,5,2,0,21,0,0.28385802
model-b,synthetic/q05,5,2,0,22,1,0.19048411
model-b,synthetic/q05,5,2,0,23,1,0.6467966
model-b,synthetic/q05,5,2,0,24,0,0.26833741
model-b,synthetic/q05,5,2,0,25,0,0.12688279
model-b,synthetic/q05,5,2,0,26,0,0.056919957
model-b,synthetic/q05,5,2,0,27,0,0.2160114
model-b,synthetic/q05,5,2,0,28,0,0.080148607
model-b,synthetic/q05,5,2,0,29,0,0.027752274
model-b,synthetic/q05,5,2,1,0,0,0.1880587
model-b,synthetic/q05,5,2,1,1,0,0.087405361
model-b,synthetic/q05,5,2,1,2,0,0.10503813
model-b,synthetic/q05,5,2,1,3,1,0.57882246
model-b,synthetic/q05,5,2,1,4,0,0.16090453
model-b,synthetic/q05,5,2,1,5,0,0.23157431
model-b,synthetic/q05,5,2,1,6,0,0.13377623
model-b,synthetic/q05,5,2,1,7,0,0.26344728
model-b,synthetic/q05,5,2,1,8,0,0.18748378
model-b,synthetic/q05,5,2,1,9,0,0.030457848
model-b,synthetic/q05,5,2,1,10,0,0.12439006
model-b,synthetic/q05,5,2,1,11,0,0.048492083
model-b,synthetic/q05,5,2,1,12,0,0.6402177
model-b,synthetic/q05,5,2,1,13,1,0.1933546
model-b,synthetic/q05,5,2,1,14,0,0.63835105
model-b,synthetic/q05,5,2,1,15,0,0.080828455
model-b,synthetic/q05,5,2,1,16,0,0.1404135
model-b,synthetic/q05,5,2,1,17,0,0.069640838
model-b,synthetic/q05,5,2,1,18,1,0.52955042
model-b,synthetic/q05,5,2,1,19,0,0.032546487
model-b,synthetic/q05,5,2,1,20,0,0.21553547
model-b,synthetic/q05,5,2,1,21,0,0.10036931
model-b,synthetic/q05,5,2,1,22,0,0.1269654
model-b,synthetic/q05,5,2,1,23,0,0.25485406
model-b,synthetic/q05,5,2,1,24,0,0.15278333
model-b,synthetic/q05,5,2,1,25,0,0.20892858
model-b,synthetic/q05,5,2,1,26,0,0.17557196
model-b,synthetic/q05,5,2,1,27,0,0.19927344
model-b,synthetic/q05,5,2,1,28,0,0.24802894
model-b,synthetic/q05,5,2,1,29,0,0.13061435
model-b,synthetic/q05,5,2,1,30,0,0.11150949
model-b,synthetic/q05,5,2,1,31,0,0.1196914
model-b,synthetic/q05,5,2,1,32,1,0.3506967
model-b,synthetic/q05,5,2,1,33,0,0.17912137
model-b,synthetic/q05,5,2,1,34,0,0.35545863
model-b,synthetic/q05,5,2,1,35,0,0.38823308
model-b,synthetic/q05,5,2,2,0,1,0.23729169
model-b,synthetic/q05,5,2,2,1,0,0.096723629
model-b,synthetic/q05,5,2,2,2,0,0.04121979
model-b,synthetic/q05,5,2,2,3,0,0.1212501
model-b,synthetic/q05,5,2,2,4,0,0.29050148
model-b,synthetic/q05,5,2,2,5,0,0.12567976
model-b,synthetic/q05,5,2,2,6,0,0.016491319
model-b,synthetic/q05,5,2,2,7,0,0.068434994
model-b,synthetic/q05,5,2,2,8,0,0.17482693
model-b,synthetic/q05,5,2,2,9,0,0.17500533
model-b,synthetic/q05,5,2,2,10,0,0.19884356
model-b,synthetic/q05,5,2,2,11,1,0.36452435
model-b,synthetic/q05,5,2,2,12,0,0.22095512
model-b,synthetic/q05,5,2,2,13,0,0.15557791
model-b,synthetic/q05,5,2,2,14,0,0.19790837
model-b,synthetic/q05,5,2,2,15,0,0.11359934
model-b,synthetic/q05,5,2,2,16,0,0.01996546
model-b,synthetic/q05,5,2,2,17,0,0.13486216
model-b,synthetic/q05,5,2,2,18,0,0.028666796
model-b,synthetic/q05,5,2,2,19,1,0.8115889
model-b,synthetic/q05,5,2,2,20,0,0.1267916
model-b,synthetic/q05,5,2,2,21,0,0.19186709
model-b,synthetic/q05,5,2,2,22,1,0.17418935
model-b,synthetic/q05,5,2,2,23,0,0.032865912
model-b,synthetic/q05,5,2,2,24,0,0.11582306
model-b,synthetic/q05,5,2,2,25,0,0.21202044
model-b,synthetic/q05,5,2,2,26,0,0.066841368
model-b,synthetic/q05,5,2,2,27,0,0.42287604
model-b,synthetic/q05,5,2,2,28,0,0.36374794
model-b,synthetic/q05,5,2,2,29,0,0.139214
model-b,synthetic/q05,5,2,2,30,0,0.37325361
model-b,synthetic/q05,5,2,2,31,0,0.3092974
model-b,synthetic/q05,5,2,2,32,0,0.039060274
model-b,synthetic/q05,5,2,3,0,0,0.35925171
model-b,synthetic/q05,5,2,3,1,0,0.14781124
model-b,synthetic/q05,5,2,3,2,0,0.1956988
model-b,synthetic/q05,5,2,3,3,0,0.11118919
model-b,synthetic/q05,5,2,3,4,0,0.1978247
model-b,synthetic/q05,5,2,3,5,0,0.009223394
model-b,synthetic/q05,5,2,3,6,0,0.053596907
model-b,synthetic/q05,5,2,3,7,0,0.32886316
model-b,synthetic/q05,5,2,3,8,0,0.030927019
model-b,synthetic/q05,5,2,3,9,0,0.093998374
model-b,synthetic/q05,5,2,3,10,0,0.16626706
model-b,synthetic/q05,5,2,3,11,0,0.043980835
model-b,synthetic/q05,5,2,3,12,0,0.13845198
model-b,synthetic/q05,5,2,3,13,1,0.67054207
model-b,synthetic/q05,5,2,3,14,1,0.83615456
model-b,synthetic/q05,5,2,3,15,1,0.58562294
model-b,synthetic/q05,5,2,3,16,0,0.10546472
model-b,synthetic/q05,5,2,3,17,0,0.063125627
model-b,synthetic/q05,5,2,3,18,1,0.57683024
model-b,synthetic/q05,5,2,3,19,0,0.041866961
model-b,synthetic/q05,5,2,3,20,0,0.67317544
model-b,synthetic/q05,5,2,3,21,0,0.18576778
model-b,synthetic/q05,5,2,3,22,0,0.17250241
model-b,synthetic/q05,5,2,3,23,0,0.35869138
model-b,synthetic/q05,5,2,3,24,0,0.47042738
model-b,synthetic/q05,5,2,3,25,0,0.38800975
model-b,synthetic/q05,5,2,3,26,0,0.047214609
model-b,synthetic/q05,5,2,3,27,0,0.28032839
model-b,synthetic/q05,5,2,3,28,0,0.087949031
model-b,synthetic/q05,5,2,3,29,0,0.55828696
model-b,synthetic/q05,5,2,3,30,0,0.1355732
model-b,synthetic/q05,5,2,3,31,0,0.10343479
model-b,synthetic/q05,5,2,3,32,0,0.48424399
model-b,synthetic/q05,5,2,3,33,0,0.43775051
model-b,synthetic/q05,5,2,3,34,0,0.32867035
model-b,synthetic/q05,5,2,3,35,0,0.33675634
model-b,synthetic/q05,5,2,3,36,0,0.13691867
model-b,synthetic/q06,6,0,0,0,0,0.087199862
model-b,synthetic/q06,6,0,0,1,0,0.43889713
model-b,synthetic/q06,6,0,0,2,0,0.64299615
model-b,synthetic/q06,6,0,0,3,0,0.69199197
model-b,synthetic/q06,6,0,0,4,0,0.01673365
model-b,synthetic/q06,6,0,0,5,0,0.14718352
model-b,synthetic/q06,6,0,0,6,0,0.28229333
model-b,synthetic/q06,6,0,0,7,0,0.031287127
model-b,synthetic/q06,6,0,0,8,0,0.17537683
model-b,synthetic/q06,6,0,0,9,0,0.30729143
model-b,synthetic/q06,6,0,0,10,0,0.49696074
model-b,synthetic/q06,6,0,0,11,0,0.083405736
model-b,synthetic/q06,6,0,0,12,0,0.056504328
model-b,synthetic/q06,6,0,0,13,0,0.17356466
model-b,synthetic/q06,6,0,0,14,0,0.46624339
model-b,synthetic/q06,6,0,0,15,0,0.042600317
model-b,synthetic/q06,6,0,0,16,0,0.1919459
model-b,synthetic/q06,6,0,0,17,0,0.091101518
model-b,synthetic/q06,6,0,0,18,0,0.31643828
model-b,synthetic/q06,6,0,0,19,0,0.20320473
model-b,synthetic/q06,6,0,0,20,0,0.25425191
model-b,synthetic/q06,6,0,0,21,0,0.087394535
model-b,synthetic/q06,6,0,0,22,0,0.4661977
model-b,synthetic/q06,6,0,0,23,0,0.068851799
model-b,synthetic/q06,6,0,0,24,1,0.36496947
model-b,synthetic/q06,6,0,0,25,0,0.29927921
model-b,synthetic/q06,6,0,0,26,1,0.32513287
model-b,synthetic/q06,6,0,0,27,0,0.2700218
model-b,synthetic/q06,6,0,0,28,0,0.14242827
model-b,synthetic/q06,6,0,0,29,1,0.24889968
model-b,synthetic/q06,6,0,0,30,0,0.065682833
model-b,synthetic/q06,6,0,0,31,0,0.12111556
model-b,synthetic/q06,6,0,0,32,1,0.68933985
model-b,synthetic/q06,6,0,1,0,0,0.48112547
model-b,synthetic/q06,6,0,1,1,1,0.7486534
model-b,synthetic/q06,6,0,1,2,0,0.54772107
model-b,synthetic/q06,6,0,1,3,0,0.5097134
model-b,synthetic/q06,6,0,1,4,0,0.031024801
model-b,synthetic/q06,6,0,1,5,0,0.53840427
model-b,synthetic/q06,6,0,1,6,0,0.30995491
model-b,synthetic/q06,6,0,1,7,0,0.0087744759
model-b,synthetic/q06,6,0,1,8,0,0.13988682
model-b,synthetic/q06,6,0,1,9,0,0.35619845
model-b,synthetic/q06,6,0,1,10,1,0.67651834
model-b,synthetic/q06,6,0,1,11,0,0.16856124
model-b,synthetic/q06,6,0,1,12,0,0.0091323456
model-b,synthetic/q06,6,0,1,13,0,0.14717422
model-b,synthetic/q06,6,0,1,14,0,0.20927841
model-b,synthetic/q06,6,0,1,15,0,0.15398026
model-b,synthetic/q06,6,0,1,16,0,0.17422612
model-b,synthetic/q06,6,0,1,17,0,0.36554442
model-b,synthetic/q06,6,0,1,18,0,0.66652408
model-b,synthetic/q06,6,0,1,19,0,0.037078925
model-b,synthetic/q06,6,0,1,20,0,0.07145642
model-b,synthetic/q06,6,0,1,21,0,0.043213472
model-b,synthetic/q06,6,0,1,22,0,0.2029694
model-b,synthetic/q06,6,0,1,23,0,0.040258947
model-b,synthetic/q06,6,0,1,24,0,0.37955156
model-b,synthetic/q06,6,0,1,25,0,0.089795336
model-b,synthetic/q06,6,0,1,26,0,0.21830523
model-b,synthetic/q06,6,0,1,27,1,0.67279132
model-b,synthetic/q06,6,0,1,28,0,0.22049319
model-b,synthetic/q06,6,0,1,29,0,0.11717292
model-b,synthetic/q06,6,0,2,0,0,0.18703794
model-b,synthetic/q06,6,0,2,1,0,0.22176168
model-b,synthetic/q06,6,0,2,2,0,0.15617214
model-b,synthetic/q06,6,0,2,3,0,0.066378988
model-b,synthetic/q06,6,0,2,4,0,0.018676359
model-b,synthetic/q06,6,0,2,5,0,0.23607851
model-b,synthetic/q06,6,0,2,6,0,0.11055916
model-b,synthetic/q06,6,0,2,7,0,0.010338962
model-b,synthetic/q06,6,0,2,8,0,0.025429502
model-b,synthetic/q06,6,0,2,9,0,0.26159715
model-b,synthetic/q06,6,0,2,10,0,0.16436738
model-b,synthetic/q06,6,0,2,11,0,0.082853547
model-b,synthetic/q06,6,0,2,12,0,0.29814408
model-b,synthetic/q06,6,0,2,13,0,0.2036998
model-b,synthetic/q06,6,0,2,14,0,0.67682386
model-b,synthetic/q06,6,0,2,15,0,0.11843418
model-b,synthetic/q06,6,0,2,16,0,0.026981856
model-b,synthetic/q06,6,0,2,17,0,0.091166416
model-b,synthetic/q06,6,0,2,18,0,0.30017641
model-b,synthetic/q06,6,0,2,19,0,0.015427855
model-b,synthetic/q06,6,0,2,20,1,0.79614982
model-b,synthetic/q06,6,0,2,21,0,0.031027452
model-b,synthetic/q06,6,0,2,22,0,0.19588976
model-b,synthetic/q06,6,0,2,23,1,0.82824743
model-b,synthetic/q06,6,0,2,24,0,0.22709145
model-b,synthetic/q06,6,0,2,25,0,0.070310645
model-b,synthetic/q06,6,0,2,26,0,0.020311234
model-b,synthetic/q06,6,0,2,27,0,0.13669607
model-b,synthetic/q06,6,0,2,28,1,0.19610216
model-b,synthetic/q06,6,0,2,29,0,0.24323872
model-b,synthetic/q06,6,0,2,30,0,0.45202047
model-b,synthetic/q06,6,0,2,31,1,0.48347777
model-b,synthetic/q06,6,0,2,32,0,0.2170744
model-b,synthetic/q06,6,0,2,33,0,0.18804573
model-b,synthetic/q06,6,0,2,34,0,0.16994588
model-b,synthetic/q06,6,0,2,35,0,0.17231375
model-b,synthetic/q06,6,0,2,36,0,0.053724055
model-b,synthetic/q06,6,0,3,0,1,0.52834174
model-b,synthetic/q06,6,0,3,1,0,0.18122159
model-b,synthetic/q06,6,0,3,2,0,0.20861096
model-b,synthetic/q06,6,0,3,3,0,0.39156801
model-b,synthetic/q06,6,0,3,4,0,0.21193924
model-b,synthetic/q06,6,0,3,5,0,0.27765871
model-b,synthetic/q06,6,0,3,6,0,0.19662229
model-b,synthetic/q06,6,0,3,7,1,0.83464542
model-b,synthetic/q06,6,0,3,8,0,0.014834042
model-b,synthetic/q06,6,0,3,9,0,0.20429493
model-b,synthetic/q06,6,0,3,10,0,0.098918347
model-b,synthetic/q06,6,0,3,11,0,0.02070784
model-b,synthetic/q06,6,0,3,12,0,0.23635304
model-b,synthetic/q06,6,0,3,13,1,0.69309914
model-b,synthetic/q06,6,0,3,14,0,0.20579166
model-b,synthetic/q06,6,0,3,15,0,0.32073917
model-b,synthetic/q06,6,0,3,16,0,0.084366416
model-b,synthetic/q06,6,0,3,17,0,0.013679509
model-b,synthetic/q06,6,0,3,18,0,0.27502693
model-b,synthetic/q06,6,0,3,19,0,0.078830935
model-b,synthetic/q06,6,0,3,20,0,0.47917085
model-b,synthetic/q06,6,0,3,21,0,0.21100555
model-b,synthetic/q06,6,0,3,22,0,0.063944295
model-b,synthetic/q06,6,0,3,23,0,0.053857867
model-b,synthetic/q06,6,0,3,24,0,0.12627811
model-b,synthetic/q06,6,0,3,25,0,0.039799349
model-b,synthetic/q06,6,0,3,26,0,0.035221437
model-b,synthetic/q06,6,0,3,27,0,0.22731614
model-b,synthetic/q06,6,0,3,28,0,0.3864463
model-b,synthetic/q06,6,0,3,29,0,0.016945677
model-b,synthetic/q06,6,0,3,30,0,0.20655866
model-b,synthetic/q06,6,0,3,31,0,0.027130884
model-b,synthetic/q06,6,0,3,32,1,0.57661924
model-b,synthetic/q06,6,0,3,33,0,0.2601019
model-b,synthetic/q06,6,1,0,0,1,0.48168827
model-b,synthetic/q06,6,1,0,1,1,0.705388
model-b,synthetic/q06,6,1,0,2,0,0.12812202
model-b,synthetic/q06,6,1,0,3,0,0.035563428
model-b,synthetic/q06,6,1,0,4,0,0.85967182
model-b,synthetic/q06,6,1,0,5,0,0.34181583
model-b,synthetic/q06,6,1,0,6,0,0.061490757
model-b,synthetic/q06,6,1,0,7,0,0.0306358
model-b,synthetic/q06,6,1,0,8,1,0.42754462
model-b,synthetic/q06,6,1,0,9,0,0.14596336
model-b,synthetic/q06,6,1,0,10,0,0.18924524
model-b,synthetic/q06,6,1,0,11,0,0.32369922
model-b,synthetic/q06,6,1,0,12,0,0.37600911
model-b,synthetic/q06,6,1,0,13,0,0.86690144
model-b,synthetic/q06,6,1,0,14,0,0.5701992
model-b,synthetic/q06,6,1,0,15,0,0.031387294
model-b,synthetic/q06,6,1,0,16,0,0.3017649
model-b,synthetic/q06,6,1,0,17,0,0.45889969
model-b,synthetic/q06,6,1,0,18,0,0.05825093
model-b,synthetic/q06,6,1,0,19,0,0.14499704
model-b,synthetic/q06,6,1,0,20,0,0.064893008
model-b,synthetic/q06,6,1,0,21,0,0.02920092
model-b,synthetic/q06,6,1,0,22,0,0.044317597
model-b,synthetic/q06,6,1,0,23,0,0.38618282
model-b,synthetic/q06,6,1,1,0,0,0.10745797
model-b,synthetic/q06,6,1,1,1,0,0.17025461
model-b,synthetic/q06,6,1,1,2,1,0.62026696
model-b,synthetic/q06,6,1,1,3,0,0.30871631
model-b,synthetic/q06,6,1,1,4,0,0.25985872
model-b,synthetic/q06,6,1,1,5,0,0.14444258
model-b,synthetic/q06,6,1,1,6,0,0.15119554
model-b,synthetic/q06,6,1,1,7,0,0.28936467
model-b,synthetic/q06,6,1,1,8,0,0.024763671
model-b,synthetic/q06,6,1,1,9,0,0.50949547
model-b,synthetic/q06,6,1,1,10,0,0.064873182
model-b,synthetic/q06,6,1,1,11,0,0.42097015
model-b,synthetic/q06,6,1,1,12,0,0.12421909
model-b,synthetic/q06,6,1,1,13,1,0.39908733
model-b,synthetic/q06,6,1,1,14,0,0.045307352
model-b,synthetic/q06,6,1,1,15,0,0.087244988
model-b,synthetic/q06,6,1,1,16,0,0.41756411
model-b,synthetic/q06,6,1,1,17,0,0.45390168
model-b,synthetic/q06,6,1,1,18,0,0.03943359
model-b,synthetic/q06,6,1,1,19,0,0.75360794
model-b,synthetic/q06,6,1,1,20,1,0.43927448
model-b,synthetic/q06,6,1,1,21,0,0.026451356
model-b,synthetic/q06,6,1,1,22,0,0.17774314
model-b,synthetic/q06,6,1,1,23,0,0.021964329
model-b,synthetic/q06,6,1,1,24,0,0.13550546
model-b,synthetic/q06,6,1,1,25,1,0.51758486
model-b,synthetic/q06,6,1,1,26,0,0.13697217
model-b,synthetic/q06,6,1,1,27,0,0.10306246
model-b,synthetic/q06,6,1,1,28,0,0.45840785
model-b,synthetic/q06,6,1,1,29,0,0.17061123
model-b,synthetic/q06,6,1,1,30,0,0.23898944
model-b,synthetic/q06,6,1,1,31,0,0.27045789
model-b,synthetic/q06,6,1,2,0,0,0.057582304
model-b,synthetic/q06,6,1,2,1,1,0.50559891
model-b,synthetic/q06,6,1,2,2,0,0.12122328
model-b,synthetic/q06,6,1,2,3,0,0.19157038
model-b,synthetic/q06,6,1,2,4,0,0.086888901
model-b,synthetic/q06,6,1,2,5,0,0.18621394
model-b,synthetic/q06,6,1,2,6,0,0.42726913
model-b,synthetic/q06,6,1,2,7,0,0.099211152
model-b,synthetic/q06,6,1,2,8,0,0.14404958
model-b,synthetic/q06,6,1,2,9,0,0.49172189
model-b,synthetic/q06,6,1,2,10,0,0.070879816
model-b,synthetic/q06,6,1,2,11,0,0.041212316
model-b,synthetic/q06,6,1,2,12,0,0.13370678
model-b,synthetic/q06,6,1,2,13,0,0.25024576
model-b,synthetic/q06,6,1,2,14,0,0.31131712
model-b,synthetic/q06,6,1,2,15,1,0.65532156
model-b,synthetic/q06,6,1,2,16,0,0.14959157
model-b,synthetic/q06,6,1,2,17,0,0.30245293
model-b,synthetic/q06,6,1,2,18,0,0.037204966
model-b,synthetic/q06,6,1,2,19,0,0.47280906
model-b,synthetic/q06,6,1,2,20,0,0.34949509
model-b,synthetic/q06,6,1,2,21,1,0.66888938
model-b,synthetic/q06,6,1,3,0,0,0.10701194
model-b,synthetic/q06,6,1,3,1,0,0.22664008
model-b,synthetic/q06,6,1,3,2,1,0.45610678
model-b,synthetic/q06,6,1,3,3,0,0.13187221
model-b,synthetic/q06,6,1,3,4,1,0.63371536
model-b,synthetic/q06,6,1,3,5,0,0.11643668
model-b,synthetic/q06,6,1,3,6,0,0.11788985
model-b,synthetic/q06,6,1,3,7,0,0.07356988
model-b,synthetic/q06,6,1,3,8,0,0.55376401
model-b,synthetic/q06,6,1,3,9,0,0.036368063
model-b,synthetic/q06,6,1,3,10,1,0.65913138
model-b,synthetic/q06,6,1,3,11,0,0.18358922
model-b,synthetic/q06,6,1,3,12,1,0.71168624
model-b,synthetic/q06,6,1,3,13,0,0.33756947
model-b,synthetic/q06,6,1,3,14,0,0.083438886
model-b,synthetic/q06,6,1,3,15,0,0.23908508
model-b,synthetic/q06,6,1,3,16,0,0.17308796
model-b,synthetic/q06,6,1,3,17,0,0.24278896
model-b,synthetic/q06,6,1,3,18,0,0.20622772
model-b,synthetic/q06,6,1,3,19,0,0.20124813
model-b,synthetic/q06,6,1,3,20,0,0.13073705
model-b,synthetic/q06,6,1,3,21,0,0.30254236
model-b,synthetic/q06,6,1,3,22,0,0.088733045
model-b,synthetic/q06,6,1,3,23,0,0.0092420423
model-b,synthetic/q06,6,1,3,24,0,0.18859809
model-b,synthetic/q06,6,1,3,25,0,0.46815782
model-b,synthetic/q06,6,1,3,26,0,0.1207315
model-b,synthetic/q06,6,1,3,27,0,0.052054865
model-b,synthetic/q06,6,1,3,28,0,0.13512417
model-b,synthetic/q06,6,1,3,29,0,0.10885775
model-b,synthetic/q06,6,1,3,30,0,0.47106002
model-b,synthetic/q06,6,1,3,31,0,0.11771154
model-b,synthetic/q06,6,1,3,32,0,0.44502154
model-b,synthetic/q06,6,1,3,33,0,0.34165778
model-b,synthetic/q06,6,1,3,34,0,0.058997974
model-b,synthetic/q06,6,1,3,35,0,0.034563713
model-b,synthetic/q06,6,1,3,36,0,0.15469926
model-b,synthetic/q06,6,1,3,37,0,0.18815271
model-b,synthetic/q06,6,2,0,0,0,0.051097218
model-b,synthetic/q06,6,2,0,1,0,0.21844557
model-b,synthetic/q06,6,2,0,2,0,0.17332686
model-b,synthetic/q06,6,2,0,3,1,0.49953311
model-b,synthetic/q06,6,2,0,4,0,0.27409814
model-b,synthetic/q06,6,2,0,5,0,0.29311547
model-b,synthetic/q06,6,2,0,6,0,0.069907369
model-b,synthetic/q06,6,2,0,7,0,0.090223856
model-b,synthetic/q06,6,2,0,8,0,0.051428265
model-b,synthetic/q06,6,2,0,9,0,0.3792898
model-b,synthetic/q06,6,2,0,10,0,0.23660764
model-b,synthetic/q06,6,2,0,11,1,0.85092144
model-b,synthetic/q06,6,2,0,12,0,0.067504952
model-b,synthetic/q06,6,2,0,13,1,0.73543096
model-b,synthetic/q06,6,2,0,14,0,0.11591175
model-b,synthetic/q06,6,2,0,15,0,0.11183908
model-b,synthetic/q06,6,2,0,16,0,0.14354977
model-b,synthetic/q06,6,2,0,17,0,0.32088743
model-b,synthetic/q06,6,2,0,18,0,0.43047539
model-b,synthetic/q06,6,2,0,19,0,0.16446251
model-b,synthetic/q06,6,2,0,20,0,0.049521485
model-b,synthetic/q06,6,2,0,21,0,0.18095412
model-b,synthetic/q06,6,2,0,22,0,0.26195298
model-b,synthetic/q06,6,2,0,23,0,0.042165033
model-b,synthetic/q06,6,2,0,24,0,0.038718286
model-b,synthetic/q06,6,2,0,25,0,0.16248013
model-b,synthetic/q06,6,2,1,0,0,0.12585448
model-b,synthetic/q06,6,2,1,1,1,0.24773333
model-b,synthetic/q06,6,2,1,2,0,0.037563918
model-b,synthetic/q06,6,2,1,3,0,0.095445753
model-b,synthetic/q06,6,2,1,4,1,0.67443172
model-b,synthetic/q06,6,2,1,5,1,0.43460309
model-b,synthetic/q06,6,2,1,6,0,0.15003017
model-b,synthetic/q06,6,2,1,7,0,0.40077488
model-b,synthetic/q06,6,2,1,8,0,0.38139806
model-b,synthetic/q06,6,2,1,9,0,0.47606004
model-b,synthetic/q06,6,2,1,10,0,0.71897012
model-b,synthetic/q06,6,2,1,11,0,0.10618603
model-b,synthetic/q06,6,2,1,12,0,0.5224641
model-b,synthetic/q06,6,2,1,13,0,0.15027669
model-b,synthetic/q06,6,2,1,14,0,0.028701981
model-b,synthetic/q06,6,2,1,15,0,0.055689695
model-b,synthetic/q06,6,2,1,16,0,0.57147682
model-b,synthetic/q06,6,2,1,17,0,0.48571515
model-b,synthetic/q06,6,2,1,18,0,0.30377689
model-b,synthetic/q06,6,2,1,19,0,0.7056306
model-b,synthetic/q06,6,2,1,20,0,0.026449302
model-b,synthetic/q06,6,2,2,0,0,0.088935986
model-b,synthetic/q06,6,2,2,1,0,0.078977095
model-b,synthetic/q06,6,2,2,2,0,0.036693261
model-b,synthetic/q06,6,2,2,3,0,0.11692193
model-b,synthetic/q06,6,2,2,4,0,0.60203243
model-b,synthetic/q06,6,2,2,5,0,0.29885474
model-b,synthetic/q06,6,2,2,6,0,0.34511269
model-b,synthetic/q06,6,2,2,7,0,0.31395273
model-b,synthetic/q06,6,2,2,8,0,0.17461045
model-b,synthetic/q06,6,2,2,9,0,0.056374809
model-b,synthetic/q06,6,2,2,10,0,0.059083711
model-b,synthetic/q06,6,2,2,11,0,0.24411446
model-b,synthetic/q06,6,2,2,12,0,0.11433912
model-b,synthetic/q06,6,2,2,13,0,0.17057316
model-b,synthetic/q06,6,2,2,14,0,0.15518467
model-b,synthetic/q06,6,2,2,15,0,0.33221197
model-b,synthetic/q06,6,2,2,16,0,0.02202266
model-b,synthetic/q06,6,2,2,17,1,0.56661156
model-b,synthetic/q06,6,2,2,18,0,0.18101236
model-b,synthetic/q06,6,2,2,19,0,0.43638059
model-b,synthetic/q06,6,2,2,20,1,0.64832615
model-b,synthetic/q06,6,2,2,21,1,0.61581674
model-b,synthetic/q06,6,2,2,22,1,0.31152465
model-b,synthetic/q06,6,2,2,23,0,0.28968735
model-b,synthetic/q06,6,2,2,24,0,0.14606225
model-b,synthetic/q06,6,2,2,25,0,0.37191832
model-b,synthetic/q06,6,2,2,26,0,0.02596678
model-b,synthetic/q06,6,2,2,27,0,0.10974611
model-b,synthetic/q06,6,2,2,28,0,0.12397354
model-b,synthetic/q06,6,2,2,29,0,0.043429881
model-b,synthetic/q06,6,2,2,30,0,0.17777356
model-b,synthetic/q06,6,2,3,0,1,0.33538551
model-b,synthetic/q06,6,2,3,1,0,0.4160321
model-b,synthetic/q06,6,2,3,2,0,0.30539586
model-b,synthetic/q06,6,2,3,3,0,0.010877607
model-b,synthetic/q06,6,2,3,4,0,0.042902639
model-b,synthetic/q06,6,2,3,5,0,0.36011028
model-b,synthetic/q06,6,2,3,6,0,0.06851365
model-b,synthetic/q06,6,2,3,7,0,0.1296165
model-b,synthetic/q06,6,2,3,8,0,0.35779855
model-b,synthetic/q06,6,2,3,9,0,0.093735787
model-b,synthetic/q06,6,2,3,10,0,0.069092395
model-b,synthetic/q06,6,2,3,11,0,0.032319472
model-b,synthetic/q06,6,2,3,12,0,0.26813974
model-b,synthetic/q06,6,2,3,13,0,0.1709485
model-b,synthetic/q06,6,2,3,14,1,0.069920057
model-b,synthetic/q06,6,2,3,15,0,0.046091348
model-b,synthetic/q06,6,2,3,16,0,0.30382291
model-b,synthetic/q06,6,2,3,17,1,0.046101714
model-b,synthetic/q06,6,2,3,18,0,0.04786874
model-b,synthetic/q06,6,2,3,19,0,0.059087209
model-b,synthetic/q06,6,2,3,20,0,0.12456918
model-b,synthetic/q07,7,0,0,0,0,0.082478609
model-b,synthetic/q07,7,0,0,1,0,0.013175118
model-b,synthetic/q07,7,0,0,2,0,0.21899199
model-b,synthetic/q07,7,0,0,3,0,0.063154342
model-b,synthetic/q07,7,0,0,4,0,0.0099734206
model-b,synthetic/q07,7,0,0,5,0,0.32836537
model-b,synthetic/q07,7,0,0,6,0,0.049640139
model-b,synthetic/q07,7,0,0,7,0,0.10653244
model-b,synthetic/q07,7,0,0,8,0,0.045662287
model-b,synthetic/q07,7,0,0,9,1,0.27325636
model-b,synthetic/q07,7,0,0,10,0,0.073223418
model-b,synthetic/q07,7,0,0,11,0,0.083010528
model-b,synthetic/q07,7,0,0,12,0,0.056705185
model-b,synthetic/q07,7,0,0,13,0,0.35654235
model-b,synthetic/q07,7,0,0,14,0,0.18683449
model-b,synthetic/q07,7,0,0,15,1,0.37768774
model-b,synthetic/q07,7,0,0,16,0,0.24583796
model-b,synthetic/q07,7,0,0,17,0,0.034622146
model-b,synthetic/q07,7,0,0,18,1,0.3401246
model-b,synthetic/q07,7,0,0,19,0,0.056923319
model-b,synthetic/q07,7,0,0,20,0,0.19627524
model-b,synthetic/q07,7,0,0,21,0,0.41923379
model-b,synthetic/q07,7,0,0,22,1,0.62335809
model-b,synthetic/q07,7,0,0,23,0,0.084289979
model-b,synthetic/q07,7,0,0,24,0,0.087564622
model-b,synthetic/q07,7,0,0,25,0,0.30570118
model-b,synthetic/q07,7,0,0,26,0,0.29235472
model-b,synthetic/q07,7,0,0,27,0,0.14017753
model-b,synthetic/q07,7,0,0,28,0,0.46912576
model-b,synthetic/q07,7,0,0,29,0,0.30247612
model-b,synthetic/q07,7,0,0,30,0,0.030137468
model-b,synthetic/q07,7,0,0,31,0,0.27443836
model-b,synthetic/q07,7,0,0,32,0,0.53010971
model-b,synthetic/q07,7,0,0,33,0,0.092053799
model-b,synthetic/q07,7,0,0,34,0,0.061037077
model-b,synthetic/q07,7,0,0,35,0,0.087054719
model-b,synthetic/q07,7,0,0,36,0,0.18732621
model-b,synthetic/q07,7,0,0,37,0,0.043377594
model-b,synthetic/q07,7,0,1,0,0,0.15117831
model-b,synthetic/q07,7,0,1,1,0,0.39373691
model-b,synthetic/q07,7,0,1,2,0,0.41846239
model-b,synthetic/q07,7,0,1,3,0,0.37618052
model-b,synthetic/q07,7,0,1,4,0,0.26320211
model-b,synthetic/q07,7,0,1,5,1,0.20873982
model-b,synthetic/q07,7,0,1,6,0,0.050975369
model-b,synthetic/q07,7,0,1,7,0,0.14424087
model-b,synthetic/q07,7,0,1,8,0,0.022383393
model-b,synthetic/q07,7,0,1,9,0,0.30383637
model-b,synthetic/q07,7,0,1,10,0,0.17520616
model-b,synthetic/q07,7,0,1,11,1,0.39435974
model-b,synthetic/q07,7,0,1,12,0,0.0067983169
model-b,synthetic/q07,7,0,1,13,0,0.10960579
model-b,synthetic/q07,7,0,1,14,0,0.041070689
model-b,synthetic/q07,7,0,1,15,0,0.41296977
model-b,synthetic/q07,7,0,1,16,0,0.2236605
model-b,synthetic/q07,7,0,1,17,0,0.054061734
model-b,synthetic/q07,7,0,1,18,0,0.075554198
model-b,synthetic/q07,7,0,1,19,0,0.29410276
model-b,synthetic/q07,7,0,1,20,0,0.1682093
model-b,synthetic/q07,7,0,1,21,0,0.2038285
model-b,synthetic/q07,7,0,1,22,0,0.15793884
model-b,synthetic/q07,7,0,1,23,0,0.12953447
model-b,synthetic/q07,7,0,1,24,0,0.089233435
model-b,synthetic/q07,7,0,1,25,0,0.25380129
model-b,synthetic/q07,7,0,1,26,0,0.13681845
model-b,synthetic/q07,7,0,1,27,0,0.55402716
model-b,synthetic/q07,7,0,1,28,0,0.083459158
model-b,synthetic/q07,7,0,1,29,0,0.17194099
model-b,synthetic/q07,7,0,1,30,0,0.053926881
model-b,synthetic/q07,7,0,1,31,0,0.046857417
model-b,synthetic/q07,7,0,1,32,0,0.16407521
model-b,synthetic/q07,7,0,1,33,1,0.32592327
model-b,synthetic/q07,7,0,1,34,0,0.16709612
model-b,synthetic/q07,7,0,1,35,1,0.24476417
model-b,synthetic/q07,7,0,1,36,0,0.29950639
model-b,synthetic/q07,7,0,1,37,0,0.40528675
model-b,synthetic/q07,7,0,1,38,0,0.57074481
model-b,synthetic/q07,7,0,2,0,0,0.09232042
model-b,synthetic/q07,7,0,2,1,0,0.017165726
model-b,synthetic/q07,7,0,2,2,0,0.097699451
model-b,synthetic/q07,7,0,2,3,0,0.041922953
model-b,synthetic/q07,7,0,2,4,0,0.081927972
model-b,synthetic/q07,7,0,2,5,0,0.28199582
model-b,synthetic/q07,7,0,2,6,0,0.16645093
model-b,synthetic/q07,7,0,2,7,0,0.18045928
model-b,synthetic/q07,7,0,2,8,0,0.087271466
model-b,synthetic/q07,7,0,2,9,0,0.21462443
model-b,synthetic/q07,7,0,2,10,1,0.92161207
model-b,synthetic/q07,7,0,2,11,0,0.18408055
model-b,synthetic/q07,7,0,2,12,0,0.75965881
model-b,synthetic/q07,7,0,2,13,0,0.45928683
model-b,synthetic/q07,7,0,2,14,0,0.28474032
model-b,synthetic/q07,7,0,2,15,0,0.14263148
model-b,synthetic/q07,7,0,2,16,1,0.37191258
model-b,synthetic/q07,7,0,2,17,0,0.20981052
model-b,synthetic/q07,7,0,2,18,0,0.11343683
model-b,synthetic/q07,7,0,2,19,0,0.51324102
model-b,synthetic/q07,7,0,2,20,0,0.28100835
model-b,synthetic/q07,7,0,2,21,0,0.073090219
model-b,synthetic/q07,7,0,2,22,0,0.11893081
model-b,synthetic/q07,7,0,2,23,0,0.20524686
model-b,synthetic/q07,7,0,2,24,0,0.36894895
model-b,synthetic/q07,7,0,2,25,0,0.44681403
model-b,synthetic/q07,7,0,2,26,0,0.10432019
model-b,synthetic/q07,7,0,2,27,0,0.42554198
model-b,synthetic/q07,7,0,2,28,1,0.57228224
model-b,synthetic/q07,7,0,2,29,0,0.33885143
model-b,synthetic/q07,7,0,3,0,0,0.36682494
model-b,synthetic/q07,7,0,3,1,0,0.15392989
model-b,synthetic/q07,7,0,3,2,0,0.32908938
model-b,synthetic/q07,7,0,3,3,0,0.11385895
model-b,synthetic/q07,7,0,3,4,0,0.020474845
model-b,synthetic/q07,7,0,3,5,0,0.18076558
model-b,synthetic/q07,7,0,3,6,0,0.29003457
model-b,synthetic/q07,7,0,3,7,0,0.34642883
model-b,synthetic/q07,7,0,3,8,0,0.28628551
model-b,synthetic/q07,7,0,3,9,0,0.1975512
model-b,synthetic/q07,7,0,3,10,0,0.20356034
model-b,synthetic/q07,7,0,3,11,0,0.29307639
model-b,synthetic/q07,7,0,3,12,0,0.26082547
model-b,synthetic/q07,7,0,3,13,0,0.043999082
model-b,synthetic/q07,7,0,3,14,0,0.18978428
model-b,synthetic/q07,7,0,3,15,0,0.20361076
model-b,synthetic/q07,7,0,3,16,0,0.16858982
model-b,synthetic/q07,7,0,3,17,0,0.050757247
model-b,synthetic/q07,7,0,3,18,0,0.11620479
model-b,synthetic/q07,7,0,3,19,1,0.41632871
model-b,synthetic/q07,7,0,3,20,1,0.68005281
model-b,synthetic/q07,7,0,3,21,0,0.20768651
model-b,synthetic/q07,7,0,3,22,0,0.046986645
model-b,synthetic/q07,7,0,3,23,0,0.27554807
model-b,synthetic/q07,7,0,3,24,0,0.035496406
model-b,synthetic/q07,7,0,3,25,1,0.86243167
model-b,synthetic/q07,7,0,3,26,0,0.25130888
model-b,synthetic/q07,7,1,0,0,0,0.028329766
model-b,synthetic/q07,7,1,0,1,0,0.15942663
model-b,synthetic/q07,7,1,0,2,0,0.74213409
model-b,synthetic/q07,7,1,0,3,0,0.33619165
model-b,synthetic/q07,7,1,0,4,0,0.25045271
model-b,synthetic/q07,7,1,0,5,0,0.051879319
model-b,synthetic/q07,7,1,0,6,0,0.12746083
model-b,synthetic/q07,7,1,0,7,0,0.13849339
model-b,synthetic/q07,7,1,0,8,0,0.10259547
model-b,synthetic/q07,7,1,0,9,0,0.13330893
model-b,synthetic/q07,7,1,0,10,0,0.18636092
model-b,synthetic/q07,7,1,0,11,0,0.33821783
model-b,synthetic/q07,7,1,0,12,0,0.13784797
model-b,synthetic/q07,7,1,0,13,0,0.22508946
model-b,synthetic/q07,7,1,0,14,0,0.14435334
model-b,synthetic/q07,7,1,0,15,1,0.43411507
model-b,synthetic/q07,7,1,0,16,1,0.52594433
model-b,synthetic/q07,7,1,0,17,0,0.14861591
model-b,synthetic/q07,7,1,0,18,0,0.12258895
model-b,synthetic/q07,7,1,0,19,0,0.066163382
model-b,synthetic/q07,7,1,0,20,0,0.17995603
model-b,synthetic/q07,7,1,0,21,0,0.16391222
model-b,synthetic/q07,7,1,0,22,0,0.34337139
model-b,synthetic/q07,7,1,0,23,1,0.39714865
model-b,synthetic/q07,7,1,0,24,0,0.31281634
model-b,synthetic/q07,7,1,0,25,0,0.26020362
model-b,synthetic/q07,7,1,0,26,0,0.11564087
model-b,synthetic/q07,7,1,0,27,0,0.29742528
model-b,synthetic/q07,7,1,0,28,0,0.42905941
model-b,synthetic/q07,7,1,0,29,1,0.10081302
model-b,synthetic/q07,7,1,0,30,0,0.22107694
model-b,synthetic/q07,7,1,0,31,0,0.12099811
model-b,synthetic/q07,7,1,0,32,0,0.37844286
model-b,synthetic/q07,7,1,0,33,0,0.010310572
model-b,synthetic/q07,7,1,0,34,0,0.13994336
model-b,synthetic/q07,7,1,0,35,0,0.30769118
model-b,synthetic/q07,7,1,1,0,0,0.076703765
model-b,synthetic/q07,7,1,1,1,0,0.067346795
model-b,synthetic/q07,7,1,1,2,0,0.13827661
model-b,synthetic/q07,7,1,1,3,0,0.24238316
model-b,synthetic/q07,7,1,1,4,0,0.15178804
model-b,synthetic/q07,7,1,1,5,0,0.061377126
model-b,synthetic/q07,7,1,1,6,0,0.022353564
model-b,synthetic/q07,7,1,1,7,0,0.66277403
model-b,synthetic/q07,7,1,1,8,0,0.20259749
model-b,synthetic/q07,7,1,1,9,0,0.48663937
model-b,synthetic/q07,7,1,1,10,0,0.11873312
model-b,synthetic/q07,7,1,1,11,0,0.14299257
model-b,synthetic/q07,7,1,1,12,0,0.45465783
model-b,synthetic/q07,7,1,1,13,0,0.053613173
model-b,synthetic/q07,7,1,1,14,0,0.22381748
model-b,synthetic/q07,7,1,1,15,0,0.035995907
model-b,synthetic/q07,7,1,1,16,0,0.12524216
model-b,synthetic/q07,7,1,1,17,1,0.43119556
model-b,synthetic/q07,7,1,1,18,0,0.083355299
model-b,synthetic/q07,7,1,1,19,0,0.056521181
model-b,synthetic/q07,7,1,1,20,0,0.25256104
model-b,synthetic/q07,7,1,1,21,0,0.10515983
model-b,synthetic/q07,7,1,1,22,0,0.010441029
model-b,synthetic/q07,7,1,1,23,1,0.71830396
model-b,synthetic/q07,7,1,1,24,0,0.049118926
model-b,synthetic/q07,7,1,1,25,1,0.61373603
model-b,synthetic/q07,7,1,1,26,0,0.037152183
model-b,synthetic/q07,7,1,2,0,0,0.35398816
model-b,synthetic/q07,7,1,2,1,0,0.11703923
model-b,synthetic/q07,7,1,2,2,1,0.8467598
model-b,synthetic/q07,7,1,2,3,0,0.60735647
model-b,synthetic/q07,7,1,2,4,0,0.023128649
model-b,synthetic/q07,7,1,2,5,0,0.016105294
model-b,synthetic/q07,7,1,2,6,0,0.097486307
model-b,synthetic/q07,7,1,2,7,0,0.11491556
model-b,synthetic/q07,7,1,2,8,0,0.14543197
model-b,synthetic/q07,7,1,2,9,1,0.59408997
model-b,synthetic/q07,7,1,2,10,0,0.13217655
model-b,synthetic/q07,7,1,2,11,1,0.27277993
model-b,synthetic/q07,7,1,2,12,0,0.24145247
model-b,synthetic/q07,7,1,2,13,0,0.0411708
model-b,synthetic/q07,7,1,2,14,0,0.11580117
model-b,synthetic/q07,7,1,2,15,0,0.41162019
model-b,synthetic/q07,7,1,2,16,0,0.094587882
model-b,synthetic/q07,7,1,2,17,0,0.062149844
model-b,synthetic/q07,7,1,2,18,0,0.41373345
model-b,synthetic/q07,7,1,2,19,0,0.35767932
model-b,synthetic/q07,7,1,2,20,0,0.087605876
model-b,synthetic/q07,7,1,2,21,0,0.17885745
model-b,synthetic/q07,7,1,2,22,0,0.086137521
model-b,synthetic/q07,7,1,2,23,0,0.068450605
model-b,synthetic/q07,7,1,2,24,0,0.7275396
model-b,synthetic/q07,7,1,2,25,0,0.58918421
model-b,synthetic/q07,7,1,3,0,0,0.18373838
model-b,synthetic/q07,7,1,3,1,0,0.31565643
model-b,synthetic/q07,7,1,3,2,1,0.20434862
model-b,synthetic/q07,7,1,3,3,0,0.13086552
model-b,synthetic/q07,7,1,3,4,0,0.051594545
model-b,synthetic/q07,7,1,3,5,0,0.27456721
model-b,synthetic/q07,7,1,3,6,0,0.046010717
model-b,synthetic/q07,7,1,3,7,0,0.33646075
model-b,synthetic/q07,7,1,3,8,0,0.45610383
model-b,synthetic/q07,7,1,3,9,1,0.34894516
model-b,synthetic/q07,7,1,3,10,0,0.25176572
model-b,synthetic/q07,7,1,3,11,0,0.11455418
model-b,synthetic/q07,7,1,3,12,0,0.45550838
model-b,synthetic/q07,7,1,3,13,1,0.51834547
model-b,synthetic/q07,7,1,3,14,0,0.022582482
model-b,synthetic/q07,7,1,3,15,0,0.16240905
model-b,synthetic/q07,7,1,3,16,0,0.35528357
model-b,synthetic/q07,7,1,3,17,0,0.12088204
model-b,synthetic/q07,7,1,3,18,0,0.14062505
model-b,synthetic/q07,7,1,3,19,0,0.29300337
model-b,synthetic/q07,7,1,3,20,0,0.092640566
model-b,synthetic/q07,7,1,3,21,0,0.035815119
model-b,synthetic/q07,7,1,3,22,0,0.50092576
model-b,synthetic/q07,7,2,0,0,0,0.12685316
model-b,synthetic/q07,7,2,0,1,0,0.054521181
model-b,synthetic/q07,7,2,0,2,0,0.29280801
model-b,synthetic/q07,7,2,0,3,0,0.046313363
model-b,synthetic/q07,7,2,0,4,0,0.050168262
model-b,synthetic/q07,7,2,0,5,0,0.32709256
model-b,synthetic/q07,7,2,0,6,0,0.10493613
model-b,synthetic/q07,7,2,0,7,0,0.0083334791
model-b,synthetic/q07,7,2,0,8,0,0.49637647
model-b,synthetic/q07,7,2,0,9,0,0.49021445
model-b,synthetic/q07,7,2,0,10,1,0.64314928
model-b,synthetic/q07,7,2,0,11,0,0.35546919
model-b,synthetic/q07,7,2,0,12,0,0.1808078
model-b,synthetic/q07,7,2,0,13,0,0.18568681
model-b,synthetic/q07,7,2,0,14,0,0.29297745
model-b,synthetic/q07,7,2,0,15,0,0.25767033
model-b,synthetic/q07,7,2,0,16,0,0.29385039
model-b,synthetic/q07,7,2,0,17,0,0.036619805
model-b,synthetic/q07,7,2,0,18,0,0.28828122
model-b,synthetic/q07,7,2,0,19,1,0.066270332
model-b,synthetic/q07,7,2,1,0,1,0.47145288
model-b,synthetic/q07,7,2,1,1,0,0.71844467
model-b,synthetic/q07,7,2,1,2,0,0.087006554
model-b,synthetic/q07,7,2,1,3,0,0.10478756
model-b,synthetic/q07,7,2,1,4,0,0.25645489
model-b,synthetic/q07,7,2,1,5,0,0.15312049
model-b,synthetic/q07,7,2,1,6,0,0.034965168
model-b,synthetic/q07,7,2,1,7,0,0.01404635
model-b,synthetic/q07,7,2,1,8,0,0.18717881
model-b,synthetic/q07,7,2,1,9,0,0.048905577
model-b,synthetic/q07,7,2,1,10,0,0.25901293
model-b,synthetic/q07,7,2,1,11,0,0.26477437
model-b,synthetic/q07,7,2,1,12,0,0.15067248
model-b,synthetic/q07,7,2,1,13,0,0.13027001
model-b,synthetic/q07,7,2,1,14,0,0.23418591
model-b,synthetic/q07,7,2,1,15,0,0.089300073
model-b,synthetic/q07,7,2,1,16,0,0.31326706
model-b,synthetic/q07,7,2,1,17,0,0.34234201
model-b,synthetic/q07,7,2,1,18,0,0.071351758
model-b,synthetic/q07,7,2,1,19,0,0.24528012
model-b,synthetic/q07,7,2,1,20,0,0.20870205
model-b,synthetic/q07,7,2,1,21,0,0.21515292
model-b,synthetic/q07,7,2,1,22,0,0.43192433
model-b,synthetic/q07,7,2,1,23,1,0.78521461
model-b,synthetic/q07,7,2,1,24,0,0.20519873
model-b,synthetic/q07,7,2,1,25,0,0.14925418
model-b,synthetic/q07,7,2,1,26,0,0.19658753
model-b,synthetic/q07,7,2,1,27,0,0.29994428
model-b,synthetic/q07,7,2,1,28,1,0.35677384
model-b,synthetic/q07,7,2,1,29,0,0.026221127
model-b,synthetic/q07,7,2,1,30,1,0.7595105
model-b,synthetic/q07,7,2,1,31,0,0.055130727
model-b,synthetic/q07,7,2,1,32,0,0.044534748
model-b,synthetic/q07,7,2,1,33,0,0.12014519
model-b,synthetic/q07,7,2,2,0,0,0.58777097
model-b,synthetic/q07,7,2,2,1,0,0.21406475
model-b,synthetic/q07,7,2,2,2,0,0.19110633
model-b,synthetic/q07,7,2,2,3,0,0.15125983
model-b,synthetic/q07,7,2,2,4,0,0.4892277
model-b,synthetic/q07,7,2,2,5,0,0.53541485
model-b,synthetic/q07,7,2,2,6,1,0.7430291
model-b,synthetic/q07,7,2,2,7,0,0.086355681
model-b,synthetic/q07,7,2,2,8,0,0.28388271
model-b,synthetic/q07,7,2,2,9,0,0.11285318
model-b,synthetic/q07,7,2,2,10,0,0.12376261
model-b,synthetic/q07,7,2,2,11,0,0.042653536
model-b,synthetic/q07,7,2,2,12,0,0.17518392
model-b,synthetic/q07,7,2,2,13,0,0.11075831
model-b,synthetic/q07,7,2,2,14,0,0.26188325
model-b,synthetic/q07,7,2,2,15,0,0.16177118
model-b,synthetic/q07,7,2,2,16,0,0.068363302
model-b,synthetic/q07,7,2,2,17,0,0.10263292
model-b,synthetic/q07,7,2,2,18,0,0.37307302
model-b,synthetic/q07,7,2,2,19,0,0.015106474
model-b,synthetic/q07,7,2,2,20,0,0.036258234
model-b,synthetic/q07,7,2,2,21,0,0.25365494
model-b,synthetic/q07,7,2,2,22,1,0.50215411
model-b,synthetic/q07,7,2,2,23,0,0.66103658
model-b,synthetic/q07,7,2,2,24,1,0.5493078
model-b,synthetic/q07,7,2,2,25,0,0.43066192
model-b,synthetic/q07,7,2,2,26,0,0.15567219
model-b,synthetic/q07,7,2,3,0,1,0.42082754
model-b,synthetic/q07,7,2,3,1,0,0.64949273
model-b,synthetic/q07,7,2,3,2,0,0.2321627
model-b,synthetic/q07,7,2,3,3,0,0.23347669
model-b,synthetic/q07,7,2,3,4,0,0.12321831
model-b,synthetic/q07,7,2,3,5,0,0.07120737
model-b,synthetic/q07,7,2,3,6,0,0.50862393
model-b,synthetic/q07,7,2,3,7,0,0.29353236
model-b,synthetic/q07,7,2,3,8,0,0.24879697
model-b,synthetic/q07,7,2,3,9,0,0.14290568
model-b,synthetic/q07,7,2,3,10,1,0.5928213
model-b,synthetic/q07,7,2,3,11,1,0.53114485
model-b,synthetic/q07,7,2,3,12,0,0.14799574
model-b,synthetic/q07,7,2,3,13,0,0.39417025
model-b,synthetic/q07,7,2,3,14,0,0.031025699
model-b,synthetic/q07,7,2,3,15,0,0.42497391
model-b,synthetic/q07,7,2,3,16,0,0.036468994
model-b,synthetic/q07,7,2,3,17,0,0.035665234
model-b,synthetic/q07,7,2,3,18,0,0.073678092
model-b,synthetic/q07,7,2,3,19,0,0.38444485
model-b,synthetic/q07,7,2,3,20,0,0.75011604
model-b,synthetic/q07,7,2,3,21,0,0.33738011
model-b,synthetic/q07,7,2,3,22,0,0.13623678
model-b,synthetic/q07,7,2,3,23,0,0.13917044
model-b,synthetic/q07,7,2,3,24,0,0.27499015
model-b,synthetic/q07,7,2,3,25,0,0.14167627
model-b,synthetic/q07,7,2,3,26,0,0.10581531
model-b,synthetic/q07,7,2,3,27,0,0.2187065
